entity,url,accessible,content_valid,content_length,has_error_indicator,status_code,status_name,cloudflare_protected,error,redirect_url,column
1518 Committee,https://main.un.org/securitycouncil/en/sanctions/1518,True,True,193697.0,False,200.0,OK,False,,,entity_link
1533 Committee,https://main.un.org/securitycouncil/en/sanctions/1533,True,True,209127.0,False,200.0,OK,False,,,entity_link
1591 Committee,https://main.un.org/securitycouncil/en/sanctions/1591,True,True,193848.0,False,200.0,OK,False,,,entity_link
1636 Committee,https://main.un.org/securitycouncil/en/sanctions/1636,True,True,185218.0,False,200.0,OK,False,,,entity_link
1718 Committee,https://main.un.org/securitycouncil/en/sanctions/1718,True,True,219884.0,False,200.0,OK,False,,,entity_link
1737 Committee,https://main.un.org/securitycouncil/en/sanctions/1737,True,True,240959.0,False,200.0,OK,False,,,entity_link
1970 Committee,https://main.un.org/securitycouncil/en/sanctions/1970,True,True,212564.0,False,200.0,OK,False,,,entity_link
1988 Committee,https://main.un.org/securitycouncil/en/sanctions/1988,True,True,194569.0,False,200.0,OK,False,,,entity_link
2048 Committee,https://main.un.org/securitycouncil/en/sanctions/2048,True,True,187361.0,False,200.0,OK,False,,,entity_link
2140 Committee,https://main.un.org/securitycouncil/en/sanctions/2140,True,True,193420.0,False,200.0,OK,False,,,entity_link
2206 Committee,https://main.un.org/securitycouncil/en/sanctions/2206,True,True,196930.0,False,200.0,OK,False,,,entity_link
2253 Committee,https://main.un.org/securitycouncil/en/sanctions/1267/monitoring-team/work-and-mandate,True,True,194915.0,False,200.0,OK,False,,,entity_link
2253 Ombudsperson,https://main.un.org/securitycouncil/en/ombudsperson,True,True,186065.0,False,200.0,OK,False,,,entity_link
2653 Committee,https://main.un.org/securitycouncil/en/sanctions/2653,True,True,194801.0,False,200.0,OK,False,,,entity_link
2745 Committee,https://main.un.org/securitycouncil/en/sanctions/2745,True,True,202263.0,False,200.0,OK,False,,,entity_link
ABDM,https://disarmament.unoda.org/en/our-work/disarmament-bodies/advisory-board-disarmament-matters,True,True,136474.0,False,200.0,OK,False,,,entity_link
ASMT,https://main.un.org/securitycouncil/en/sanctions/1267/monitoring-team/work-and-mandate,True,True,194915.0,False,200.0,OK,False,,,entity_link
Al-Shabaab Committee,https://main.un.org/securitycouncil/en/sanctions/2713,True,True,224539.0,False,200.0,OK,False,,,entity_link
BINUH,https://binuh.unmissions.org/,True,True,176173.0,False,200.0,OK,False,,https://binuh.unmissions.org/fr,entity_link
Board of Auditors,https://www.un.org/en/auditors/board/,True,True,16132.0,False,200.0,OK,False,,,entity_link
CCPCJ,https://www.unodc.org/unodc/commissions/CCPCJ/index.html,True,True,30382.0,False,200.0,OK,False,,,entity_link
CDP,https://policy.desa.un.org/our-work/committee-for-development-policy,True,True,92734.0,False,200.0,OK,False,,,entity_link
CEB,https://unsceb.org/,True,True,40506.0,False,200.0,OK,False,,,entity_link
CEPA,https://publicadministration.desa.un.org/intergovernmental-support/cepa,True,True,75652.0,False,200.0,OK,False,,,entity_link
CND,https://www.unodc.org/unodc/commissions/CND/,True,True,31717.0,False,200.0,OK,False,,,entity_link
CNMC,https://unowas.unmissions.org/cameroon-nigeria-mixed-commission,True,True,105648.0,False,200.0,OK,False,,https://unowas.unmissions.org/en/cameroon-nigeria-mixed-commission,entity_link
CPD,https://www.un.org/development/desa/pd/content/CPD,True,True,41310.0,False,200.0,OK,False,,,entity_link
CSTD,https://unctad.org/topic/commission-on-science-and-technology-for-development,True,True,20085.0,False,200.0,OK,False,,,entity_link
CSW,https://www.unwomen.org/en/how-we-work/commission-on-the-status-of-women,False,False,0.0,,403.0,Forbidden,False,,,entity_link
CSocD,https://social.desa.un.org/csocd,True,True,84304.0,False,200.0,OK,False,,,entity_link
CTBTO,https://www.ctbto.org/,True,True,17796.0,False,200.0,OK,False,,,entity_link
CTC,https://www.un.org/securitycouncil/ctc/,True,True,101114.0,False,200.0,OK,False,,,entity_link
CTED,https://www.un.org/sc/ctc/,True,True,101114.0,False,200.0,OK,False,,https://www.un.org/securitycouncil/ctc/,entity_link
DA,https://da.desa.un.org/,True,True,34932.0,False,200.0,OK,False,,,entity_link
DCO,https://un-dco.org/,True,True,12123.0,False,200.0,OK,False,,,entity_link
DESA,https://www.un.org/development/desa,True,True,120850.0,False,200.0,OK,False,,https://www.un.org/en/desa,entity_link
DGACM,https://www.un.org/dgacm/,True,True,70926.0,False,200.0,OK,False,,,entity_link
DGC,https://www.un.org/en/sections/departments/department-global-communications/,True,True,77406.0,False,200.0,OK,False,,https://www.un.org/en/department-global-communications,entity_link
DMSPC,https://www.un.org/management/,True,True,35738.0,False,200.0,OK,False,,,entity_link
DOS,https://operationalsupport.un.org/,True,True,96052.0,False,200.0,OK,False,,https://operationalsupport.un.org/en,entity_link
DPO,https://peacekeeping.un.org/en/department-of-peace-operations,True,True,61412.0,False,200.0,OK,False,,,entity_link
DPPA,https://dppa.un.org/,True,True,44156.0,False,200.0,OK,False,,https://dppa.un.org/en,entity_link
DSS,https://www.un.org/undss/,True,True,80688.0,False,200.0,OK,False,,https://www.un.org/safety-and-security/en,entity_link
ECA,https://www.uneca.org/,True,True,99297.0,False,200.0,OK,False,,,entity_link
ECE,https://unece.org/,False,False,0.0,,403.0,Forbidden,False,,,entity_link
ECLAC,https://www.cepal.org/,True,True,168516.0,False,200.0,OK,False,,,entity_link
EOSG,https://www.un.org/sg,True,True,117615.0,False,200.0,OK,False,,https://www.un.org/sg/en,entity_link
ESCAP,https://www.unescap.org/,True,True,19234.0,False,200.0,OK,False,,,entity_link
ESCWA,https://www.unescwa.org/,False,False,0.0,,403.0,Forbidden,False,,,entity_link
Ethics Office,https://www.un.org/en/ethics/,True,True,28789.0,False,200.0,OK,False,,,entity_link
FAO,https://www.fao.org/,True,False,1193415.0,True,200.0,OK,False,,https://www.fao.org/home/en/,entity_link
FP-Delisting,https://main.un.org/securitycouncil/en/sanctions/delisting,True,True,191070.0,False,200.0,OK,False,,,entity_link
Fifth Committee,https://www.un.org/en/ga/fifth/index.shtml,True,True,31633.0,False,200.0,OK,False,,,entity_link
First Committee,https://www.un.org/en/ga/first/index.shtml,True,True,31411.0,False,200.0,OK,False,,,entity_link
Fourth Committee,https://www.un.org/en/ga/fourth/index.shtml,True,True,26816.0,False,200.0,OK,False,,,entity_link
GoE-DRC,https://main.un.org/securitycouncil/en/sanctions/1533/work-and-mandate,True,True,189729.0,False,200.0,OK,False,,,entity_link
HLPF,https://hlpf.un.org/,True,True,110020.0,False,200.0,OK,False,,,entity_link
HRC,https://www.ohchr.org/en/hrbodies/hrc/home,False,False,0.0,,403.0,Forbidden,False,,,entity_link
IAEA,https://www.iaea.org/,True,True,13930.0,False,200.0,OK,False,,,entity_link
ICAO,https://www.icao.int/,True,True,12994.0,False,200.0,OK,False,,,entity_link
ICC,https://www.icc-cpi.int/,True,True,15648.0,False,200.0,OK,False,,,entity_link
ICJ,https://www.icj-cij.org/,True,True,2227.0,False,200.0,OK,False,,,entity_link
ICSC,https://icsc.un.org/,True,True,85568.0,False,200.0,OK,False,,,entity_link
IFAD,https://www.ifad.org/,False,False,0.0,,403.0,Forbidden,False,,https://www.ifad.org/en/,entity_link
IIIM,https://iiim.un.org/,True,True,14589.0,False,200.0,OK,False,,,entity_link
IIMM,https://iimm.un.org/,True,True,26556.0,False,200.0,OK,False,,,entity_link
IIMP,https://iimp.un.org/,True,True,4991.0,False,200.0,OK,False,,,entity_link
ILC,https://legal.un.org/ilc/ilcintro.shtml,True,True,27973.0,False,200.0,OK,False,,,entity_link
ILO,https://www.ilo.org/,True,True,88403.0,False,200.0,OK,False,,,entity_link
IMF,https://www.imf.org/,False,False,0.0,,403.0,Forbidden,False,,,entity_link
IMO,https://www.imo.org/,True,True,86211.0,False,200.0,OK,False,,,entity_link
IOM,https://www.iom.int/,False,False,0.0,,403.0,Forbidden,False,,,entity_link
IRMCT,https://www.irmct.org/en,True,True,46643.0,False,200.0,OK,False,,,entity_link
ISA,https://www.isa.org.jm/,True,True,154714.0,False,200.0,OK,False,,https://isa.org.jm/,entity_link
ITC,https://intracen.org/,True,True,43296.0,False,200.0,OK,False,,https://www.intracen.org/,entity_link
ITLOS,https://www.itlos.org/,True,True,5592.0,False,200.0,OK,False,,https://www.itlos.org/en/,entity_link
ITU,https://www.itu.int/,True,False,98972.0,True,200.0,OK,False,,https://www.itu.int/en/Pages/default.aspx,entity_link
JIU,https://www.unjiu.org/,True,True,55258.0,False,200.0,OK,False,,,entity_link
KJSO,nan,False,False,,,,,False,Request error: Invalid URL 'nan': No scheme supplied. Perhaps you meant https://nan?,,entity_link
MINURSO,https://minurso.unmissions.org/,True,True,169448.0,False,200.0,OK,False,,https://minurso.unmissions.org/en,entity_link
MINUSCA,https://minusca.unmissions.org/,True,True,190175.0,False,200.0,OK,False,,https://minusca.unmissions.org/fr,entity_link
MINUSMA,https://peacekeeping.un.org/en/mission/minusma,True,True,68218.0,False,200.0,OK,False,,,entity_link
MONUSCO,https://monusco.unmissions.org/,True,True,231823.0,False,200.0,OK,False,,https://monusco.unmissions.org/fr,entity_link
MSC,https://main.un.org/securitycouncil/en/subsidiary/msc,True,True,181141.0,False,200.0,OK,False,,,entity_link
NGO Committee,https://ecosoc.un.org/en/ngo/committee-on-ngos,True,True,66066.0,False,200.0,OK,False,,,entity_link
OAJ,https://www.un.org/en/internaljustice/oaj/,True,True,34683.0,False,200.0,OK,False,,,entity_link
OCHA,https://www.unocha.org/,True,True,265871.0,False,200.0,OK,False,,,entity_link
OCT,https://www.un.org/counterterrorism/,True,True,226262.0,False,200.0,OK,False,,https://www.un.org/counterterrorism/en,entity_link
ODA,https://www.un.org/disarmament/,True,True,189987.0,False,200.0,OK,False,,https://disarmament.unoda.org:443/en,entity_link
ODET,https://www.un.org/digital-emerging-technologies/,True,True,62608.0,False,200.0,OK,False,,,entity_link
ODPP,https://policy.un.org/en/information-and-technology/data-protection,True,True,65076.0,False,200.0,OK,False,,,entity_link
OHCHR,https://www.ohchr.org/,False,False,0.0,,403.0,Forbidden,False,,,entity_link
OICT,https://unite.un.org/,True,True,71373.0,False,200.0,OK,False,,https://unite.un.org/en,entity_link
OIOS,https://oios.un.org/,True,True,50588.0,False,200.0,OK,False,,,entity_link
OLA,https://legal.un.org/ola/,True,True,62931.0,False,200.0,OK,False,,,entity_link
OMBUD-RES1904,https://www.un.org/securitycouncil/ombudsperson,True,True,186065.0,False,200.0,OK,False,,https://main.un.org/securitycouncil/en/ombudsperson,entity_link
OOSA,https://www.unoosa.org/,True,True,87615.0,False,200.0,OK,False,,,entity_link
OPCW,https://www.opcw.org/,True,True,83384.0,False,200.0,OK,False,,,entity_link
OSAA,https://www.un.org/osaa/,True,True,66076.0,False,200.0,OK,False,,,entity_link
OSACAJT,https://www.un.org/sg/en/global-leadership/entity/secretariat-and-regional-commissions/office-of-the-special-adviser-climate-action-and-just-transition,True,True,60537.0,False,200.0,OK,False,,,entity_link
OSASG-Cyprus,https://dppa.un.org/en/mission/special-adviser-cyprus,True,True,41791.0,False,200.0,OK,False,,,entity_link
OSASG-Genocide,https://www.un.org/sg/en/global-leadership/entity/secretariat-and-regional-commissions/office-of-the-special-adviser-the-prevention-of-genocide,True,True,60375.0,False,200.0,OK,False,,,entity_link
OSC-SEA,https://www.un.org/preventing-sexual-exploitation-and-abuse/content/un-special-coordinator-0,True,True,51242.0,False,200.0,OK,False,,,entity_link
OSESG-SCRES1559,https://dppa.un.org/en/mission/special-envoy-implementation-of-security-council-resolution-1559-2004,True,True,40398.0,False,200.0,OK,False,,,entity_link
OSESG-SYRIA,https://specialenvoysyria.unmissions.org/,True,True,164067.0,False,200.0,OK,False,,https://specialenvoysyria.unmissions.org/en,entity_link
OSESGY,https://osesgy.unmissions.org/,True,True,186260.0,False,200.0,OK,False,,https://osesgy.unmissions.org/en,entity_link
OVRA,https://www.un.org/preventing-sexual-exploitation-and-abuse/content/victims-rights-advocate,True,True,57638.0,False,200.0,OK,False,,,entity_link
PBSO,https://www.un.org/peacebuilding/,True,True,75757.0,False,200.0,OK,False,,,entity_link
PESG-Sudan,https://dppa.un.org/en/mission/personal-envoy-sudan,True,True,39067.0,False,200.0,OK,False,,,entity_link
PESG-WS,https://dppa.un.org/en/mission/personal-envoy-western-sahara,True,True,40745.0,False,200.0,OK,False,,,entity_link
PoE-CAR,https://www.un.org/securitycouncil/sanctions/2127/panel-of-experts/work_mandate,True,True,192781.0,False,200.0,OK,False,,https://main.un.org/securitycouncil/en/sanctions/2745/panel-of-experts/work_mandate,entity_link
PoE-Haiti,https://main.un.org/securitycouncil/en/sanctions/testing/Panel%20of%20Expert/work-and-mandate,True,True,189427.0,False,200.0,OK,False,,https://main.un.org/securitycouncil/en/sanctions/Panel-of-Expert/work-and-mandate,entity_link
PoE-Libya,https://www.un.org/securitycouncil/sanctions/1970/panel-experts/work_mandate,True,True,190742.0,False,200.0,OK,False,,https://main.un.org/securitycouncil/en/sanctions/1970/panel-experts/work_mandate,entity_link
PoE-RES2713,https://main.un.org/securitycouncil/en/sanctions/2713/work-and-mandate,True,True,196931.0,False,200.0,OK,False,,,entity_link
PoE-RES2745,https://main.un.org/securitycouncil/en/sanctions/2745/panel-of-experts/work_mandate,True,True,192781.0,False,200.0,OK,False,,,entity_link
PoE-S.Sudan,https://main.un.org/securitycouncil/en/sanctions/2206/panel-of-experts/work-mandate,True,True,194461.0,False,200.0,OK,False,,,entity_link
PoE-Sudan,https://www.un.org/securitycouncil/sanctions/1591/panel-of-experts/work_mandate,True,True,190614.0,False,200.0,OK,False,,https://main.un.org/securitycouncil/en/sanctions/1591/panel-of-experts/work_mandate,entity_link
PoE-Yemen,https://www.un.org/securitycouncil/sanctions/2140/panel-of-experts/work-and-mandate,True,True,189291.0,False,200.0,OK,False,,https://main.un.org/securitycouncil/en/sanctions/2140/panel-of-experts/work-and-mandate,entity_link
RSCE,https://rsce.unmissions.org/,True,True,173166.0,False,200.0,OK,False,,https://rsce.unmissions.org/en,entity_link
SASG-PGRP,https://www.un.org/en/genocide-prevention/,True,True,81431.0,False,200.0,OK,False,,,entity_link
SASG-SID,https://www.un.org/en/solutions-to-internal-displacement,True,True,85342.0,False,200.0,OK,False,,,entity_link
SC-RES1540,https://disarmament.unoda.org/en/our-work/weapons-mass-destruction/un-security-council-resolution-1540,True,True,143085.0,False,200.0,OK,False,,,entity_link
SC-RES1718,https://main.un.org/securitycouncil/en/sanctions/1718/panel_experts/work_mandate,True,True,192584.0,False,200.0,OK,False,,,entity_link
SC-RES2231,https://main.un.org/securitycouncil/en/content/2231/background,True,True,198914.0,False,200.0,OK,False,,,entity_link
SESG-GL,https://ungreatlakes.unmissions.org/,True,True,1772651.0,False,200.0,OK,False,,https://ungreatlakes.unmissions.org/en/home-12432,entity_link
SESG-Horn of Africa,https://dppa.un.org/en/mission/special-envoy-horn-of-africa,True,True,43032.0,False,200.0,OK,False,,,entity_link
SESG-MYR,https://dppa.un.org/en/mission/special-envoy-myanmar,True,True,41011.0,False,200.0,OK,False,,,entity_link
SRSG-CAAC,https://childrenandarmedconflict.un.org/,True,True,1017438.0,False,200.0,OK,False,,,entity_link
SRSG-SVC,https://www.un.org/sexualviolenceinconflict/,True,True,150957.0,False,200.0,OK,False,,,entity_link
SRSG-VAC,https://violenceagainstchildren.un.org/,True,True,102699.0,False,200.0,OK,False,,https://violenceagainstchildren.un.org/en,entity_link
SWEO,https://www.un.org/system-wide-evaluation-office/,True,True,86599.0,False,200.0,OK,False,,https://www.un.org/system-wide-evaluation-office/en,entity_link
Sanctions WG,https://main.un.org/securitycouncil/en/sanctions/iwg-sanctions,True,True,179659.0,False,200.0,OK,False,,,entity_link
Second Committee,https://www.un.org/en/ga/second/index.shtml,True,True,29759.0,False,200.0,OK,False,,,entity_link
Sixth Committee,https://www.un.org/en/ga/sixth/index.shtml,True,True,46244.0,False,200.0,OK,False,,,entity_link
StatCom,https://unstats.un.org/UNSDWebsite/statcom/,True,True,1059.0,False,200.0,OK,False,,,entity_link
TDB,https://unctad.org/about/trade-and-development-board,True,True,16752.0,False,200.0,OK,False,,,entity_link
Third Committee,https://www.un.org/en/ga/third/index.shtml,True,True,27675.0,False,200.0,OK,False,,,entity_link
UN Tourism,https://www.untourism.int/,True,True,194134.0,False,200.0,OK,False,,,entity_link
UN Youth,https://www.un.org/youthaffairs/,True,True,94254.0,False,200.0,OK,False,,https://www.un.org/youthaffairs/en,entity_link
UN-Habitat,https://unhabitat.org/,True,True,341738.0,False,200.0,OK,False,,,entity_link
UN-Habitat Assembly,https://unhabitat.org/governance/un-habitat-assembly,True,True,370070.0,False,200.0,OK,False,,,entity_link
UN-OHRLLS,https://www.un.org/ohrlls/,True,True,61019.0,False,200.0,OK,False,,,entity_link
UN-Women,https://www.unwomen.org/,False,False,0.0,,403.0,Forbidden,False,,,entity_link
UNAIDS,https://www.unaids.org/en,True,True,133000.0,False,200.0,OK,False,,,entity_link
UNAMA,https://unama.unmissions.org/,True,True,176984.0,False,200.0,OK,False,,https://unama.unmissions.org/en,entity_link
UNAMI,https://iraq.un.org/en/132447-united-nations-assistance-mission-iraq-unami,True,True,9519.0,False,200.0,OK,False,,,entity_link
UNAOC,https://www.unaoc.org/,True,True,124192.0,False,200.0,OK,False,,,entity_link
UNCCD,https://www.unccd.int/,True,True,130677.0,False,200.0,OK,False,,,entity_link
UNCDF,https://www.uncdf.org/,True,True,148842.0,False,200.0,OK,False,,,entity_link
UNCITRAL,https://uncitral.un.org/,True,True,57129.0,False,200.0,OK,False,,,entity_link
UNCTAD,https://unctad.org/,True,True,20819.0,False,200.0,OK,False,,,entity_link
UNDC,https://disarmament.unoda.org/en/united-nations-disarmament-commission,True,True,134047.0,False,200.0,OK,False,,,entity_link
UNDEF,https://www.un.org/democracyfund/,True,True,62452.0,False,200.0,OK,False,,,entity_link
UNDOF,https://undof.unmissions.org/,True,True,163676.0,False,200.0,OK,False,,https://undof.unmissions.org/en,entity_link
UNDP,https://www.undp.org/,False,False,0.0,,403.0,Forbidden,False,,,entity_link
UNDRR,https://www.undrr.org/,True,True,23217.0,False,200.0,OK,False,,,entity_link
UNEA,https://www.unep.org/environmentassembly/,True,True,205210.0,False,200.0,OK,False,,,entity_link
UNEP,https://www.unep.org/,True,True,20009.0,False,200.0,OK,False,,,entity_link
UNESCO,https://www.unesco.org/,True,True,136448.0,False,200.0,OK,False,,https://www.unesco.org/en,entity_link
UNFF,https://www.un.org/esa/forests/,True,True,124039.0,False,200.0,OK,False,,https://forests.desa.un.org/,entity_link
UNFICYP,https://unficyp.unmissions.org/,True,True,193586.0,False,200.0,OK,False,,https://unficyp.unmissions.org/en,entity_link
UNFPA,https://www.unfpa.org/,True,True,204000.0,False,200.0,OK,False,,,entity_link
UNGC,https://unglobalcompact.org/,True,True,22268.0,False,200.0,OK,False,,,entity_link
UNGEGN,https://unstats.un.org/unsd/ungegn,True,True,45246.0,False,200.0,OK,False,,,entity_link
UNGGIM,https://ggim.un.org/,True,True,50116.0,False,200.0,OK,False,,,entity_link
UNGSC Brindisi,https://www.ungsc.org/brindisi,True,True,51784.0,False,200.0,OK,False,,,entity_link
UNHCR,https://www.unhcr.org/,False,False,0.0,,403.0,Forbidden,False,,,entity_link
UNICEF,https://www.unicef.org/,False,False,0.0,,403.0,Forbidden,True,Cloudflare protected (403),,entity_link
UNICEF EB,https://www.unicef.org/executiveboard/,False,False,0.0,,403.0,Forbidden,True,Cloudflare protected (403),,entity_link
UNICRI,https://unicri.org/,True,True,93090.0,False,200.0,OK,False,,,entity_link
UNIDIR,https://www.unidir.org/,True,True,227392.0,False,200.0,OK,False,,https://unidir.org:443,entity_link
UNIDO,https://www.unido.org/,True,True,14596.0,False,200.0,OK,False,,,entity_link
UNIFIL,https://unifil.unmissions.org/,True,True,174996.0,False,200.0,OK,False,,https://unifil.unmissions.org/en,entity_link
UNISFA,https://unisfa.unmissions.org/,True,True,165129.0,False,200.0,OK,False,,https://unisfa.unmissions.org/en,entity_link
UNITAR,https://unitar.org/,True,True,246299.0,False,200.0,OK,False,,,entity_link
UNJSPB,https://www.unjspf.org/governance/,True,True,36768.0,False,200.0,OK,False,,,entity_link
UNMHA,https://dppa.un.org/en/mission/unmha-hudaydah-agreement,True,True,47703.0,False,200.0,OK,False,,,entity_link
UNMIK,https://unmik.unmissions.org/,True,True,60483.0,False,200.0,OK,False,,,entity_link
UNMISS,https://unmiss.unmissions.org/,True,True,177974.0,False,200.0,OK,False,,https://unmiss.unmissions.org/en,entity_link
UNMOGIP,https://unmogip.unmissions.org/,True,True,164047.0,False,200.0,OK,False,,https://unmogip.unmissions.org/en,entity_link
UNOAU,https://unoau.unmissions.org/,True,True,166458.0,False,200.0,OK,False,,https://unoau.unmissions.org/en,entity_link
UNOCA,https://unoca.unmissions.org/,True,True,177461.0,False,200.0,OK,False,,https://unoca.unmissions.org/fr,entity_link
UNODC,https://www.unodc.org/,True,True,53565.0,False,200.0,OK,False,,,entity_link
UNOG,https://www.ungeneva.org/,True,True,64200.0,False,200.0,OK,False,,https://www.ungeneva.org/en,entity_link
UNOMS,https://www.un.org/ombudsman/,True,True,49211.0,False,200.0,OK,False,,,entity_link
UNON,https://www.unon.org/,True,True,65219.0,False,200.0,OK,False,,https://www.unon.org/en,entity_link
UNOP,https://unpartnerships.un.org/,False,False,0.0,,403.0,Forbidden,False,,,entity_link
UNOPS,https://www.unops.org/,True,True,247528.0,False,200.0,OK,False,,,entity_link
UNOSSC,https://unsouthsouth.org/,False,False,0.0,,403.0,Forbidden,False,,,entity_link
UNOV,https://www.unvienna.org/,True,True,39820.0,False,200.0,OK,False,,,entity_link
UNOWAS,https://unowas.unmissions.org/,True,True,171768.0,False,200.0,OK,False,,https://unowas.unmissions.org/en,entity_link
UNPC,https://www.un.org/peacebuilding/commission,True,True,56427.0,False,200.0,OK,False,,,entity_link
UNPFII,https://social.desa.un.org/issues/indigenous-peoples/unpfii,True,True,94479.0,False,200.0,OK,False,,,entity_link
UNRCCA,https://unrcca.unmissions.org/,True,True,175258.0,False,200.0,OK,False,,https://unrcca.unmissions.org/en,entity_link
UNRGID,https://dppa.un.org/en/mission/unrgid,True,True,39947.0,False,200.0,OK,False,,,entity_link
UNRISD,https://www.unrisd.org/,True,True,997.0,False,200.0,OK,False,,,entity_link
UNRWA,https://www.unrwa.org/,False,False,0.0,,403.0,Forbidden,True,Cloudflare protected (403),,entity_link
UNRoD,http://unrod.org/,True,True,18878.0,False,200.0,OK,False,,,entity_link
UNSCO,https://unsco.unmissions.org/,True,True,158516.0,False,200.0,OK,False,,https://unsco.unmissions.org/en,entity_link
UNSCOL,https://unscol.unmissions.org/,True,True,164770.0,False,200.0,OK,False,,https://unscol.unmissions.org/en,entity_link
UNSMIL,https://unsmil.unmissions.org/,True,True,184626.0,False,200.0,OK,False,,https://unsmil.unmissions.org/en,entity_link
UNSOM,https://unsom.unmissions.org/,True,True,149393.0,False,200.0,OK,False,,https://unsom.unmissions.org/en,entity_link
UNSOS,https://unsos.unmissions.org/,True,True,57665.0,False,200.0,OK,False,,,entity_link
UNSSC,https://www.unssc.org/,True,True,149751.0,False,200.0,OK,False,,,entity_link
UNSU,https://u-seek.org/,True,True,32464.0,False,200.0,OK,False,,,entity_link
UNTMIS,https://dppa.un.org/en/mission/untmis,True,True,40739.0,False,200.0,OK,False,,,entity_link
UNTSO,https://untso.unmissions.org/,True,True,165103.0,False,200.0,OK,False,,https://untso.unmissions.org/en,entity_link
UNU,https://unu.edu/,True,True,60340.0,False,200.0,OK,False,,,entity_link
UNU Council,https://unu.edu/about/unu-council,True,True,53726.0,False,200.0,OK,False,,,entity_link
UNV,https://www.unv.org/,False,False,0.0,,403.0,Forbidden,False,,,entity_link
UNVMC,https://colombia.unmissions.org/,True,True,165675.0,False,200.0,OK,False,,https://colombia.unmissions.org/es,entity_link
UPU,https://www.upu.int/,True,True,113730.0,False,200.0,OK,False,,https://www.upu.int/en/home,entity_link
WFP,https://www.wfp.org/,True,True,84688.0,False,200.0,OK,False,,,entity_link
WFP EB,https://executiveboard.wfp.org/,True,True,49327.0,False,200.0,OK,False,,,entity_link
WHO,https://www.who.int/,True,True,126574.0,False,200.0,OK,False,,,entity_link
WIPO,https://www.wipo.int/,True,True,69743.0,False,200.0,OK,False,,https://www.wipo.int/portal/en/index.html,entity_link
WMO,https://public.wmo.int/,True,True,158615.0,False,200.0,OK,False,,https://wmo.int,entity_link
WORLD BANK GROUP,https://www.worldbank.org/,True,True,44156.0,False,200.0,OK,False,,https://www.worldbank.org/ext/en/home,entity_link
WTO,https://www.wto.org/,True,True,44247.0,False,200.0,OK,False,,,entity_link
