entity,entity_long,entity_link,system_grouping,on_display,budget_financial_reporting_link,strategic_plan_link,results_framework_link,UN_principal_organ,category,CEB Member?,Head of Entity-Level,Head of Entity-Title,Head of Entity-Name,entity_description,organizational_chart_link,foundational_mandate,transparency_portal_link,annual_reports_link,comment,branding_link,entity_link_is_un.org
ASMT,"Analytical Support and Sanctions Monitoring Team pursuant to resolutions 1526 (2004) and 2253 (2015) concerning Islamic State in Iraq and the Levant (Da’esh), Al-Qaida and the Taliban and associated individuals and entities",https://main.un.org/securitycouncil/en/sanctions/1267/monitoring-team/work-and-mandate,UN Secretariat,TRUE,No link found,No link found,No link found,Security Council,Subsidiary Organs (Sanctions Committee),No,Not applicable,Not applicable,Not applicable,,,,Not found,https://main.un.org/securitycouncil/en/sanctions/1267/annual-reports,"Entity is comprised of support staff members.

[AA]: Latest annual report doesn't open it. Link available is for the page with all reports.",,1
BINUH,United Nations Integrated Office in Haiti,https://binuh.unmissions.org/,Peacekeeping operations and political missions,TRUE,,No link found,No link found,Security Council,Subsidiary Organs (Peacekeeping operations and political missions),No,ASG,SRSG ,María Isabel Salvador,BINUH focusses on the provision of advisory services and good offices in Haiti and aims to help create the conditions needed for sustainable development in.,,,Not found,https://binuh.unmissions.org/fr/rapports,,,0
CEB,United Nations System Chief Executives Board for Coordination,https://unsceb.org/,UN Secretariat,TRUE,No link found,No link found,No link found,Secretariat,Departments and Offices (Other Entities),No,D-2 or equivalent,CEB Secretary/CEB Secretariat Director,Maaike Jansen,"The CEB is the prime instrument for strengthening the coordination role of the UN inter-governnmental bodies on social, economic annd related matters.",,,Not found,https://unsceb.org/reports?field_mechanism[94]=94&field_report[12]=12,,,0
CNMC,United Nations support for the Cameroon-Nigeria Mixed Commission,https://unowas.unmissions.org/cameroon-nigeria-mixed-commission,Peacekeeping operations and political missions,TRUE,,No link found,No link found,Security Council,Subsidiary Organs (Peacekeeping operations and political missions),No,Not applicable,Not applicable,Not applicable,The goal of the CNMC is to facilitate the implementation of the 10 October 2002 judgment of the International Court of Justice (ICJ) on the Cameroon-Nigeria boundary dispute.,,,Not found,https://unowas.unmissions.org/reports,Chaired by SRSG for West Africa and the Sahel,,0
CTBTO,Preparatory Commission for the Comprehensive Nuclear-Test-Ban Treaty Organization,https://www.ctbto.org/,Related Organizations,TRUE,,No link found,No link found,General Assembly,Related Organizations,No,USG or equivalent,Executive Secretary,Robert Floyd,The CTBTO Preparatory Commission is mandated to carry out the necessary preparations for the entry into force and effective implementation of the Comprehensive Nuclear-Test-Ban Treaty (CTBT).,,,Not found,https://www.ctbto.org/publications/annual-reports/,,,0
CTED,Counter-Terrorism Committee Executive Directorate,https://www.un.org/sc/ctc/,UN Secretariat,TRUE,No link found,No link found,No link found,Security Council,Subsidiary Organs (Counter-Terrorism Committee),No,ASG or equivalent,Executive Director,Natalia Gherman,The CTC works to bolster the ability of United Nations Member States to prevent terrorist acts both within their borders and across regions.,,,Not found,https://www.un.org/securitycouncil/ctc/content/work-programmes,,,1
DA,Development Account,https://unstats.un.org/capacity-development/activities/devaccount/index.cshtml,UN Secretariat,TRUE,No link found,No link found,No link found,Secretariat,Departments and Offices,No,Not applicable,Not applicable,Not applicable,,,,Not found,https://unstats.un.org/UNSDWebsite/Publications/,conducted by ECE,,1
DESA,Department of Economic and Social Affairs,https://www.un.org/development/desa,UN Secretariat,TRUE,No link found,No link found,No link found,Secretariat,Departments and Offices,No,USG or equivalent,USG,Li Junhua,"UN DESA helps countries translate their global commitments into national action in the economic, social and environmental spheres.",https://www.un.org/development/desa/en/about/organigramme,,Not found,https://www.un.org/en/desa/highlights-report-2023-2024,,,1
DGACM,Department for General Assembly and Conference Management,https://www.un.org/dgacm/,UN Secretariat,TRUE,No link found,No link found,No link found,Secretariat,Departments and Offices,No,USG or equivalent,USG,Movses Abelian,"The DGACM enhances dialogue and cooperation among Member States and, by doing so, to contributes to the realization of the objectives of the United Nations and of the Millennium Development Goals.",https://www.un.org/dgacm/en/content/structure,,Not found,No annual report,,,1
DGC,Department of Global Communications,https://www.un.org/en/sections/departments/department-global-communications/,UN Secretariat,TRUE,https://digitallibrary.un.org/record/4010720?ln=&v=pdf,No link found,No link found,Secretariat,Departments and Offices,No,USG or equivalent,USG,Melissa Fleming,"The DGC is dedicated to communicating the ideals and work of the United Nations to the world across multiple platforms, helping build support for peace, sustainable development and human rights for all.",,,Not found,No annual report,,,1
DMSPC,"Department of Management Strategy, Policy and Compliance",https://www.un.org/management/,UN Secretariat,TRUE,No link found,No link found,No link found,Secretariat,Departments and Offices,No,USG or equivalent,USG,Catherine Pollard,"The DMSPC serves the United Nations globally to drive organizational excellence through innovation, accountability and solutions.",,,Not found,https://reform.un.org/content/management-reform,,,1
DOS,Department of Operational Support,https://operationalsupport.un.org/,UN Secretariat,TRUE,No link found,https://operationalsupport.un.org/strategic-foundations,No link found,Secretariat,Departments and Offices,No,USG or equivalent,USG,Atul Khare,"The DOS provides operational support to UN Secretariat entities, including advisory, operational and transactional support services and, where needed, exercises delegated authority on behalf of clients.",https://operationalsupport.un.org/en/organizational-structure,,Not found,https://operationalsupport.un.org/en/reports-and-resolutions,,,1
DPO,Department of Peace Operations,https://peacekeeping.un.org/en/department-of-peace-operations,UN Secretariat,TRUE,No link found,No link found,No link found,Secretariat,Departments and Offices,No,USG or equivalent,USG,Jean-Pierre François Renaud Lacroix,The DPO is dedicated to assisting the Member States and the Secretary-General in their efforts to maintain international peace and security.,https://peacekeeping.un.org/en/department-of-peace-operations,,https://peacekeeping.un.org/en/open-data-portal,https://peacekeeping.un.org/en/reports,,,1
DPPA,Department of Political and Peacebuilding Affairs,https://dppa.un.org/,UN Secretariat,TRUE,No link found,https://dppa.un.org/en/dppa-strategic-plan-2023-2026-updated,https://dppa.un.org/en/2023-2026-results-framework,Secretariat,Departments and Offices,No,USG or equivalent,USG,Rosemary DiCarlo,DPPA monitors and assesses global political developments with an eye to detecting potential crises before they erupt and devising effective responses.,,,Not found,https://dppa.un.org/en/reports-and-policy-documents,,,1
DSS,Department of Safety and Security,https://www.un.org/undss/,UN Secretariat,TRUE,No link found,No link found,No link found,Secretariat,Departments and Offices,No,USG or equivalent,USG,Gilles Michaud,"The UNDSS provides critical advice and rapid decision-making capacity on UNSMS policy and operational issues to UNSMS members, senior United Nations management and personnel.",https://www.un.org/safety-and-security/en/about-us/organisational-chart,,Not found,No annual report,,,1
ECA,Economic Commission for Africa,https://www.uneca.org/,Regional Commissions,TRUE,,https://www.uneca.org/medium-term-programme-framework-%282022%E2%80%932025%29,No link found,Economic and Social Council / Secretariat,Regional Commissions,No,USG or equivalent,Executive Secretary,Claver Gatete,"The ECA's mandate is to promote the economic and social development of its member States, foster intra-regional integration, and promote international cooperation for Africa's development.",,,Not found,https://repository.uneca.org/search-filter?field=flagshipPublication,Its secretariat is part of the UN Secretariat.,,0
ECE,Economic Commission for Europe,https://unece.org/,Regional Commissions,TRUE,,No link found,No link found,Economic and Social Council / Secretariat,Regional Commissions,No,USG or equivalent,Executive Secretary,Tatiana Molcean,"As a multilateral platform, UNECE facilitates greater economic integration and cooperation among its member countries and promotes sustainable development and economic prosperity.",,,Not found,https://unece.org/unece-content/publications?f%5B0%5D=subprogramme%3A446,Its secretariat is part of the UN Secretariat.,,0
ECLAC,Economic Commission for Latin America and the Caribbean,https://www.cepal.org/,Regional Commissions,TRUE,,No link found,No link found,Economic and Social Council / Secretariat,Regional Commissions,No,USG or equivalent,Executive Secretary,José Manuel Salazar-Xirinachs,The ECLAC coordinates policies for the promotion of sustainable Latin American and Carriibean economic development and to foster regional and international trade.,,,Not found,https://www.cepal.org/en/publications,Its secretariat is part of the UN Secretariat.,,0
EO,Ethics Office,https://www.un.org/en/ethics/,UN Secretariat,TRUE,https://www.un.org/en/ethics/overview/documents-resources.shtml,No link found,No link found,Secretariat,Departments and Offices (Other Entities),No,D-2 or equivalent,Chair,Juraj Strasser,"The UN Ethics Office promotes an ethical organizational culture based on UN’s core values of integrity, professionalism and respect for diversity, and the values outlined in Standards of Conduct for the International Civil Service, which include independence, loyalty, impartiality, integrity, accountability and respect for human rights. The Ethics Office assists the Secretary-General in ensuring that all staff members perform their functions consistent with the highest standards of integrity as required by the Charter of the United Nations. ",,,Not found,https://www.un.org/en/ethics/overview/documents-resources.shtml,"The most recent document from EO describing their annual activities (""annual report) is from this link",,1
EOSG,Executive Office of the Secretary-General,https://www.un.org/sg,UN Secretariat,TRUE,No link found,No link found,No link found,Secretariat,Departments and Offices,No,USG or equivalent,USG,Guy Bernard Ryder,"The EOSG assists the Secretary-General with relations with members and organs of the United Nations and with specialized agencies and non-governmental organizations, as well as to assist with policy and coordination of the Secretariat.",,,Not found,https://www.un.org/annualreport/,,,1
ESCAP,Economic and Social Commission for Asia and the Pacific,https://www.unescap.org/,Regional Commissions,TRUE,,No link found,No link found,Economic and Social Council / Secretariat,Regional Commissions,No,USG or equivalent,Executive Secretary,Armida Salsiah Alisjahbana,"ESCAP serves as the regional arm of the UN in economic, social and related fields, it promotes the inclusive and sustainable economic and social development in the Asia-Pacific region",,,Not found,https://www.unescap.org/resources?f%5B0%5D=field_resource_type_new%3A9052,Its secretariat is part of the UN Secretariat.,,0
ESCWA,Economic and Social Commission for Western Asia,https://www.unescwa.org/,Regional Commissions,TRUE,,No link found,No link found,Economic and Social Council / Secretariat,Regional Commissions,No,USG or equivalent,Executive Secretary,Rola A. A. H. Dashti,"The purpose of ESCWA is to stimulate economic activity in member countries, strengthen cooperation between them and promote development.",,,Not found,https://archive.unescwa.org/recurring-publication-identifier/escwa-annual-report,Its secretariat is part of the UN Secretariat.,,0
FAO,Food and Agriculture Organization,https://www.fao.org/,Specialized Agencies,TRUE,https://www.fao.org/about/strategy-programme-budget/fao-budget/,https://www.fao.org/about/strategy-programme-budget/overview/FAO-Strategic-Framework/en,https://www.fao.org/about/strategy-programme-budget/overview/planning-monitoring-reporting/en,Economic and Social Council,Specialized Agencies,Yes,USG or equivalent,Director-General,Qu Dongyu,The FAO aims to: raise levels of nutrition and standards of living secure improvements in food production and distribution better the conditions of rural people and contribute toward an expanding world economy and ensure freedom from hunger.,https://www.fao.org/about/org-chart/en/,,https://www.fao.org/transparency/en,https://openknowledge.fao.org/home,,,0
GoE-DRC,Group of Experts on the Democratic Republic of the Congo,https://main.un.org/securitycouncil/en/sanctions/1533/work-and-mandate,UN Secretariat,TRUE,No link found,No link found,No link found,Security Council,Subsidiary Organs (Sanctions Committee),No,Not applicable,Not applicable,Not applicable,,,,Not found,https://main.un.org/securitycouncil/en/sanctions/1533/annual-reports,Entity is comprised of support staff members.,,1
IAEA,International Atomic Energy Agency,https://www.iaea.org/,Related Organizations,TRUE,,https://www.iaea.org/about/overview/medium-term-strategy,No link found,General Assembly / Security Council,Related Organizations,Yes,USG or equivalent,Director-General,Rafael Mariano Grossi,"The purpose of the IAEA is to promote and accelerate the contribution atomic energy makes to peace, health and prosperity throughout the world.",,,Not found,https://www.iaea.org/Publications/Reports,,,0
ICAO,International Civil Aviation Organization,https://www.icao.int/,Specialized Agencies,TRUE,No link found,https://www2023.icao.int/about-icao/Council/Pages/strategic-plan-2026-2050.aspx,No link found,Economic and Social Council,Specialized Agencies,Yes,USG or equivalent,Secretary-General,Juan Carlos Salazar,The ICAO is charged with developing international air navigation and fostering the planning and development of international air transport to ensure the growth of international civil aviation.,https://www.icao.int/sites/default/files/Meetings/a42/Documents/WP/wp_037_en.pdf,,Not found,https://www.icao.int/publications/Pages/annual-reports.aspx,,,0
ICC,International Criminal Court,https://www.icc-cpi.int/,Related Organizations,FALSE,,https://www.icc-cpi.int/sites/default/files/2023-08/2023-strategic-plan-icc-v.2.pdf,No link found,General Assembly,Related Organizations,No,USG or equivalent,President,Judge Tomoko Akane,"​The ICC investigates and tries individuals charged with the gravest crimes of concern to the international community: genocide, war crimes, crimes against humanity and the crime of aggression.",,,Not found,https://www.icc-cpi.int/resource-library/reports,,,0
ICJ,International Court of Justice,https://www.icj-cij.org/,International Court of Justice,FALSE,,No link,No link found,International Court of Justice,International Court of Justice,No,USG or equivalent,President,Iwasawa Yuji,The Court’s role is to settle legal disputes submitted to it by States and to give advisory opinions on legal questions referred to it by authorized United Nations organs and specialized agencies.,,,Not found,https://www.icj-cij.org/en/publications,,,0
ICSC,International Civil Service Commission,https://icsc.un.org/,Subsidiary Organs,TRUE,,No link,No link found,General Assembly,Subsidiary Organs,No,USG or equivalent,Chairman,Larbi Djacta,"The ICSC's focus is to strengthen and maintain high standards in the international civil service, while balancing the needs and concerns of its major stakeholders.",,,Not found,https://icsc.un.org/Home/Library,Its secretariat is financed as UN Secretariat.,,1
IFAD,International Fund for Agricultural Development,https://www.ifad.org/,Specialized Agencies,TRUE,"no budget, but annual financial statements (https://www.ifad.org/en/financial-documents)",https://www.ifad.org/en/w/corporate-documents/policies/ifad-strategic-framework-2016-20251,https://www.ifad.org/en/results-management-framework,Economic and Social Council,Specialized Agencies,Yes,USG or equivalent,President,Alvaro Lario,The IFAD is an international financial institution and UN specialised agency dedicated to eradicating poverty in rural areas of developing countries.,https://www.ifad.org/documents/d/new-ifad.org/ifad-organigram,,https://www.ifad.org/en/operations-dashboard,https://www.ifad.org/pub/annual_report/list,,,0
IIIM,"International, Impartial and Independent Mechanism to Assist in the Investigation and Prosecution of Persons Responsible for the Most Serious Crimes under International Law Committed in the Syrian Arab Republic since March 2011",https://iiim.un.org/,UN Secretariat,TRUE,No link found,No link found,No link found,General Assembly,Other Entities,No,ASG or equivalent,Head,Robert Petit,"The Mechanism’s mandate, is “to collect, consolidate, preserve and analyse evidence of violations of international humanitarian law and human rights violations and abuses.",,,Not found,https://iiim.un.org/documents/reports-to-general-assembly/,,,1
IIMM,Independent Investigative Mechanism for Myanmar,https://iimm.un.org/,UN Secretariat,TRUE,No link found,https://iimm.un.org/strategic-plan,No link found,General Assembly,Other Entities,No,ASG or equivalent,Head,Nicholas Koumjian,,,,Not found,https://iimm.un.org/en/annual-reports,,,1
ILO,International Labor Organization,https://www.ilo.org/,Specialized Agencies,TRUE,https://www.ilo.org/about-ilo/how-ilo-works/organizational-structure-international-labour-office/financial-management/programme-and-budget,https://www.ilo.org/resource/conference-paper/gb/352/ilo%E2%80%99s-strategic-plan-2026%E2%80%9329,No link found,Economic and Social Council,Specialized Agencies,Yes,USG or equivalent,Director-General,Gilbert F. Houngbo,"The ILO was founded in 1919, its Constitution forming part of the Treaty of Versailles. The ILO became the first specialised agency of the UN in 1946.",https://www.ilo.org/sites/default/files/2025-01/ILO_organizational%20chart_Jan-2025-EN.pdf,,Not found,https://www.ilo.org/global/about-the-ilo/how-the-ilo-works/results-based-management/reporting/lang--en/index.htm,,,0
IMF,International Monetary Fund,https://www.imf.org/,Specialized Agencies,FALSE,No link found,No link,No link found,Economic and Social Council,Specialized Agencies,Yes,USG or equivalent,Managing Director,Kristalina Georgieva,,https://www.imf.org/en/About/Organization-Chart,,Not found,https://www.imf.org/en/publications/search#sort=relevancy,,,0
IMO,International Maritime Organization,https://www.imo.org/,Specialized Agencies,TRUE,https://www.imo.org/en/about/pages/structure.aspx,https://www.imo.org/en/about/strategy/pages/default.aspx,No link found,Economic and Social Council,Specialized Agencies,Yes,USG or equivalent,Secretary-General,Arsenio Dominguez,"The IMO is responsible for the safety of life at sea, maritime security and the protection of the marine environment through prevention of sea pollution caused by ships.",,,Not found,https://www.imo.org/en/OurWork/TechnicalCooperation/Pages/Default.aspx,,,0
IOM,International Organization for Migration,https://www.iom.int/,Related Organizations,TRUE,,https://www.iom.int/iom-strategic-plan-2024-2028,https://www.iom.int/iom-strategic-results-framework-srf,General Assembly,Related Organizations,Yes,USG or equivalent,Director-General,Amy Pope,The IOM is the leading intergovernmental organization in the field of migration and is committed to the principle that humane and orderly migration benefits migrants and society.,,,Not found,https://governingbodies.iom.int/,,,0
ISA,International Seabed Authority,https://www.isa.org.jm/,Related Organizations,FALSE,,https://www.isa.org.jm/strategic-plan/,No link,General Assembly,Related Organizations,No,USG or equivalent,Secretary-General,Leticia Reis de Carvalho,"The ISA is mandated under the UN Convention on the Law of the Sea to organize, regulate and control all mineral-related activities in the international seabed area for the benefit of mankind as a whole.",,,Not found,https://www.isa.org.jm/publications,,,0
ITC,International Trade Centre,https://intracen.org/,UN Secretariat,TRUE,https://www.intracen.org/about-us/governance#scroll-to-section-budget,No link found,No link found,General Assembly,Other Entities,No,ASG or equivalent,Executive Director,Pamela Coke-Hamilton,"The ITC supports the United Nations and WTO's regulatory research and policy strategies, and focuses on implementing and delivering trade related technical assistance projects (TRTA).",,,https://open.intracen.org/,https://intracen.org/about-us/governance/corporate-documents/itc-annual-report,,,0
ITLOS,International Tribunal for the Law of the Sea,https://www.itlos.org/,Related Organizations,FALSE,,No link,No link found,General Assembly,Related Organizations,No,USG or equivalent,President,Judge Tomas Heidar,"The ITLOS is an independent judicial body established by the United Nations Convention on the Law of the Sea to adjudicate disputes regarding all ocean space, its uses and resources.",,,Not found,https://www.itlos.org/en/main/the-tribunal/annual-reports/,,,0
ITU,International Telecommunication Union,https://www.itu.int/,Specialized Agencies,TRUE,https://www.itu.int/en/mediacentre/backgrounders/Pages/how-is-itu-funded.aspx,https://www.itu.int/en/council/planning/Pages/default.aspx,No link found,Economic and Social Council,Specialized Agencies,Yes,USG or equivalent,Secretary-General,Doreen Bogdan-Martin,The ITU is an inter-governmental organization that brings together governments and industry to coordinate the establishment and operation of global telecommunication networks and services.,https://digitallibrary.un.org/record/829886?ln=en&v=pdf,,Not found,https://www.itu.int/pub/S-CONF-AREP-2009/en,,,0
JIU,Joint Inspection Unit,https://www.unjiu.org/,Subsidiary Organs,TRUE,,https://www.unjiu.org/content/strategic-framework,No link found,General Assembly,Subsidiary Organs,No,D-2 or equivalent,Executive Secretary,Uren Pillay,"The JIU is the only independent external oversight body of the United Nations system mandated to conduct evaluations, inspections and investigations system-wide.",,,Not found,https://www.unjiu.org/content/reports,,,0
MINURSO,United Nations Mission for the Referendum in Western Sahara,https://minurso.unmissions.org/,Peacekeeping operations and political missions,TRUE,,No link,No link found,Security Council,Subsidiary Organs (Peacekeeping operations and political missions),No,ASG,SRSG/Head of Mission,Alexander Ivanko,MINURSO is mandated in accordance with the settlement plan which provides for a transitional period for the preparation of a referendum in which the people of Western Sahara would choose between independence and integration with Morocco.,,,Not found,https://minurso.unmissions.org/secretary-general-reports,,,0
MINUSCA,United Nations Multidimensional Integrated Stabilization Mission in the Central African Republic,https://minusca.unmissions.org/,Peacekeeping operations and political missions,TRUE,,No link,No link found,Security Council,Subsidiary Organs (Peacekeeping operations and political missions),No,USG or equivalent,SRSG/Head of Mission,Valentine Rugwabiza,"MINUSCA is a UN peacekeeping mission, which started on April 10, 2014, to protect Central African Republic civilians under Chapter VII of the UN Charter.",,,Not found,https://minusca.unmissions.org/en/reports-secretary-general,,,0
MONUSCO,United Nations Organization Stabilization Mission in the Democratic Republic of the Congo,https://monusco.unmissions.org/,Peacekeeping operations and political missions,TRUE,,No link,No link found,Security Council,Subsidiary Organs (Peacekeeping operations and political missions),No,USG or equivalent,SRSG/Head of Mission,Bintou Keita,"MONUSCO's mandate relates to, among other things, to the protection of civilians, humanitarian personnel and human rights defenders under imminent threat of physical violence and to support the Government of the DRC in its stabilization and peace consolidation efforts.",,,Not found,https://monusco.unmissions.org/en/reports-secretary-general-0,,,0
OAJ,Office of Administration of Justice,https://www.un.org/en/internaljustice/oaj/,UN Secretariat,TRUE,No link found,No link found,No link found,Secretariat,Departments and Offices (Internal Justice Bodies),No,D-2 or equivalent,Executive Director,Alayne Frankson-Wallace,,https://www.un.org/en/internaljustice/oaj/organizational-structure.shtml,,Not found,https://www.un.org/en/internaljustice/oaj/activity-reports.shtml,,,1
OCHA,Office for the Coordination of Humanitarian Affairs,https://www.unocha.org/,UN Secretariat,TRUE,https://www.unocha.org/our-funding,https://www.unocha.org/publications/report/world/ochas-strategic-plan-2023-2026-transforming-humanitarian-coordination,https://www.unocha.org/publications,Secretariat,Departments and Offices,No,USG or equivalent,USG/Emergency Relief Coordinator,Tom Fletcher,"With its partners, OCHA contributes to principled and effective humanitarian response through coordination, advocacy, policy, information management and humanitarian financing tools and services.",,,https://fts.unocha.org/,https://www.unocha.org/about-us/publications/core-publications,,,0
OCT,Office of Counter-Terrorism,https://www.un.org/counterterrorism/,UN Secretariat,TRUE,,https://www.un.org/counterterrorism/sites/www.un.org.counterterrorism/files/unoct_strategic_plan_results_framework_2022-25.pdf,No link found,Secretariat,Departments and Offices,No,USG or equivalent,USG,Vladimir Ivanovich Voronkov,"The UNOCT works closely with UN Member States, UN entities, civil society, and other related stakeholders, strengthening existing and developing new partnerships to effectively prevent and counter terrorism.",https://www.un.org/counterterrorism/office-structure,,Not found,https://www.un.org/counterterrorism/un-documents,,,1
ODA,Office for Disarmament Affairs,https://www.un.org/disarmament/,UN Secretariat,TRUE,,https://disarmament.unoda.org/unoda-strategic-plan-2021-2025/,No link found,Secretariat,Departments and Offices,No,USG or equivalent,High Representative,Izumi Nakamitsu,The ODA supports multilateral efforts aimed at achieving the ultimate goal of general and complete disarmament under strict and effective international control.,,,Not found,https://www.un.org/disarmament/publications/yearbook/,,,1
ODET,Office for Digital and Emerging Technologies,https://www.un.org/digital-emerging-technologies/,UN Secretariat,TRUE,,No link,No link found,Secretariat,Departments and Offices,No,USG or equivalent,Special Envoy,Amandeep Singh Gill,,,,Not found,https://www.un.org/digital-emerging-technologies/content/news,,,1
ODPP,Office of Data Protection and Privacy,N/A,UN Secretariat,TRUE,,No link,No link found,Secretariat,Departments and Offices,No,D-1 or equivalent,Director,(Vacant),,,,Not found,https://policy.un.org/en/information-and-technology/data-protection,https://policy.un.org/en/information-and-technology/data-protection,,0
OFP-Delisting,Office of the Focal Point for De-listing,https://main.un.org/securitycouncil/en/sanctions/delisting,Peacekeeping operations and political missions,TRUE,,No link,No link found,Security Council,Subsidiary Organs (Sanctions Committee),No,Other,Other,,,,,Not found,https://main.un.org/securitycouncil/en/sanctions/delisting/informal-annual-reports,,,1
OHCHR,Office of the United Nations High Commissioner for Human Rights,https://www.ohchr.org/,UN Secretariat,TRUE,,https://www.ohchr.org/en/publications/management-plan/un-human-rights-management-plan-2022-2023,https://www.ohchr.org/en/about-us/evaluation-un-human-rights,Secretariat,Departments and Offices,No,USG or equivalent,High Commissioner,Volker Türk,"The ONHCR promotes and protects the effective enjoyment by all people of all civil, cultural, economic, political and social rights, including the right to development.",,,Not found,https://www.ohchr.org/en/publications?field_content_category_target_id[177]=177,,,0
OICT,Office of Information and Communications Technology,https://unite.un.org/,UN Secretariat,TRUE,,No link,No link found,Secretariat,Departments and Offices,No,ASG or equivalent,CITO,Bernardo Mariano Jr.,"The OICT defines the strategic direction for ICT to the Secretariat. It provides oversight of ICT programmes, budgets and decision-making to ensure alignment with the Secretariat’s overall ICT strategy.",,,Not found,https://www.un.org/annualreport/,,,1
OIOS,Office of Internal Oversight Services,https://oios.un.org/,UN Secretariat,TRUE,,No link,No link found,Secretariat,Departments and Offices,No,USG or equivalent,USG,Fatoumata Ndiaye,"The OIOS assists the Secretary-General in fulfilling his oversight responsibilities in respect of the resources and staff of the Organization through the provision of audit, investigation, inspection and evaluation services.",,,Not found,https://oios.un.org/annual-reports,,,1
OLA,Office of Legal Affairs,https://legal.un.org/ola/,UN Secretariat,TRUE,,No link,No link found,Secretariat,Departments and Offices,No,USG or equivalent,USG/Legal Counsel,Elinor Jane Britt Hammarskjöld,OLA provides a unified central legal service for the Secretariat and other entities of the United Nations and contributes to the progressive development and codification of international public and trade law.,,,Not found,https://legal.un.org/ola/publications.aspx,,,1
OMBUD-RES1904,Office of the Ombudsperson established pursuant to Security Council resolution 1904 (2009),https://www.un.org/securitycouncil/ombudsperson,UN Secretariat,TRUE,,No link,No link found,Security Council,Subsidiary Organs (Sanctions Committee),No,Not applicable,Not applicable,Not applicable,"The Ombudsperson gathers information and interacts with the petitioner, relevant States and organizations with regard to delisting requests and present a comprehensive report to the Security Council’s ISIL (Da'esh) and Al-Qaida Sanctions Committee.",,,Not found,https://www.un.org/securitycouncil/ombudsperson/reports,Entity is comprised of support staff members.,,1
OMS,Office of the United Nations Ombudsman and Mediation Services,https://www.un.org/ombudsman/,UN Secretariat,TRUE,,No link,No link found,Secretariat,Departments and Offices,No,ASG or equivalent,Ombudsman,Shireen Dodson,,,,Not found,https://www.un.org/ombudsman/resources/annual-reports,,,1
OOSA,Office for Outer Space Affairs,https://www.unoosa.org/,UN Secretariat,TRUE,,No link,No link found,Secretariat,Departments and Offices,No,D-2 or equivalent,Director,Aarti Holla-Maini,UNOOSA is responsible for promoting international cooperation in the peaceful uses of outer space. It serves as the secretariat for the General Assembly's only committee dealing exclusively with international cooperation in the peaceful uses of outer space.,,,Not found,https://www.unoosa.org/oosa/en/aboutus/annual-reports.html,,,0
OPCW,Organisation for the Prohibition of Chemical Weapons,https://www.opcw.org/,Related Organizations,TRUE,,https://www.opcw.org/sites/default/files/documents/2023/08/EC-104_S-1_C-28_S-1_EN.pdf,No link found,General Assembly / Security Council,Related Organizations,No,USG or equivalent,USG/Director-General,Fernando Arias,"The role of the OPCW is to ensure the implementation of the provisions made under the Convention on the Prohibition of the Development, Production, Stockpiling and Use of Chemical Weapons and on their Destruction (CWC).",,,Not found,https://www.opcw.org/resources/documents/annual-reports,,,0
OSAA,Office of the Special Adviser on Africa,https://www.un.org/osaa/,UN Secretariat,TRUE,,https://www.un.org/osaa/content/osaa-strategic-agenda,No link found,Secretariat,Departments and Offices,No,USG or equivalent,Special Adviser,Cristina Isabel Lopes da Silva Monteiro Duarte,"The OSAA strives for coordinated, effective and sustained UN and international support for Africa’s transformative efforts for inclusive sustainable peace, security, socioeconomic development and justice for all.",,,Not found,https://www.un.org/osaa/content/reports-and-publications,,,1
OSASG-Cyprus,Office of the Special Adviser to the Secretary-General on Cyprus,https://dppa.un.org/en/mission/special-adviser-cyprus,Peacekeeping operations and political missions,TRUE,,No link found,No link found,Security Council,Subsidiary Organs (Peacekeeping operations and political missions),No,USG or equivalent,Special Adviser (Acting),Colin William Stewart,,,,Not found,No annual report,,,1
OSASG-PG,Office of the Special Adviser to the Secretary-General on the Prevention of Genocide,https://www.un.org/sg/en/global-leadership/office-of-the-special-adviser-on-the-prevention-of-genocide/all,UN Secretariat,TRUE,,No link found,No link found,Secretariat,Departments and Offices,No,USG or equivalent,Special Adviser (Acting),Virginia Gamba de Potgieter,,,,Not found,https://www.un.org/en/genocide-prevention/media-resources/publications,,,1
OSC-SEA,Office of the United Nations Special Coordinator on Improving the United Nations Response to Sexual Exploitation and Abuse,https://www.un.org/preventing-sexual-exploitation-and-abuse/content/un-special-coordinator-0,UN Secretariat,TRUE,,No link found,No link found,Secretariat,Departments and Offices,No,USG or equivalent,Special Coordinator,Christian Saunders,,,,Not found,https://www.un.org/preventing-sexual-exploitation-and-abuse/content/secretary-generals-reports,,,1
OSESG-FG,Office of the Special Envoy of the Secretary-General for Future Generations,https://ourfuturegenerations.com/united-nations/,UN Secretariat,FALSE,,No link found,No link found,Secretariat,Departments and Offices,No,Not applicable,Special Envoy,(Vacant),,,,Not found,https://ourfuturegenerations.com/resources/,,,0
OSESG-GL,Office of the Special Envoy of the Secretary-General for the Great Lakes Region,https://ungreatlakes.unmissions.org/,Peacekeeping operations and political missions,TRUE,,No link found,No link found,Security Council,Subsidiary Organs (Peacekeeping operations and political missions),No,USG or equivalent,Special Envoy,Huang Xia,"The Special Envoy leads, coordinates and assesses implementation of the PSC Framework, to address the root causes of conflict and end recurring violence in eastern DRC and the Great Lakes.",,,Not found,https://ungreatlakes.unmissions.org/secretary-generals-reports,,,0
OSESG-Horn,Office of the Special Envoy of the Secretary-General for the Horn of Africa,https://dppa.un.org/en/mission/special-envoy-horn-of-africa,Peacekeeping operations and political missions,TRUE,,No link found,No link found,Security Council,Subsidiary Organs (Peacekeeping operations and political missions),No,USG or equivalent,Special Envoy,,,,,Not found,No annual report,,,1
OSESG-Myanmar,Office of the Special Envoy of the Secretary-General on Myanmar,https://dppa.un.org/en/mission/special-envoy-myanmar,Peacekeeping operations and political missions,TRUE,,No link found,No link found,Security Council,Subsidiary Organs (Peacekeeping operations and political missions),No,USG or equivalent,Special Envoy,Julie Bishop,,,,Not found,No annual report,,,1
OSESG-SCRES1559,Office of the Special Envoy of the Secretary-General for the implementation of Security Council resolution 1559 (2004),https://dppa.un.org/en/mission/special-envoy-implementation-of-security-council-resolution-1559-2004,UN Secretariat,FALSE,,No link found,No link found,Security Council,Subsidiary Organs (Peacekeeping operations and political missions),No,,Special Envoy,,,,,Not found,No annual report,,,1
OSESG-Syria,Office of the Special Envoy of the Secretary-General for Syria,https://specialenvoysyria.unmissions.org/,Peacekeeping operations and political missions,TRUE,,No link found,No link found,Security Council,Subsidiary Organs (Peacekeeping operations and political missions),No,USG or equivalent,Special Envoy,Geir Otto Pedersen,,,,Not found,https://specialenvoysyria.unmissions.org/security-council-briefings-text,,,0
OSESG-Yemen,Office of the Special Envoy of the Secretary-General for Yemen,https://osesgy.unmissions.org/,Peacekeeping operations and political missions,TRUE,,No link found,No link found,Security Council,Subsidiary Organs (Peacekeeping operations and political missions),No,USG or equivalent,Special Envoy,Hans Grundberg,,,,Not found,https://osesgy.unmissions.org/briefings-security-council,,,0
OSRSG-CAAC,Office of the Special Representative of the Secretary-General for Children and Armed Conflict,https://childrenandarmedconflict.un.org/,UN Secretariat,TRUE,,No link found,No link found,Secretariat,Departments and Offices,No,USG or equivalent,SRSG,Virginia Gamba de Potgieter,,,,Not found,https://childrenandarmedconflict.un.org/virtual-library/?wpv-document-type%5B%5D=annual-reports&wpv_aux_current_post_id=2680&wpv_aux_parent_post_id=2680&wpv_view_count=110467,,,1
OSRSG-SVC,Office of the Special Representative of the Secretary-General on Sexual Violence in Conflict,https://www.un.org/sexualviolenceinconflict/,UN Secretariat,TRUE,,No link found,No link found,Secretariat,Departments and Offices,No,USG or equivalent,SRSG,Pramila Patten,,,,Not found,https://www.un.org/sexualviolenceinconflict/digital-library/reports/,,,1
OSRSG-VAC,Office of the Special Representative of the Secretary-General on Violence against Children,https://violenceagainstchildren.un.org/,UN Secretariat,TRUE,,No link found,No link found,Secretariat,Departments and Offices,No,ASG,SRSG,Najat Maalla,,,,Not found,https://violenceagainstchildren.un.org/en/publications?search_api_fulltext=,,,1
PESG-Sudan,Office of the Personal Envoy of the Secretary-General for the Sudan,https://dppa.un.org/en/mission/personal-envoy-sudan,UN Secretariat,TRUE,,No link found,No link found,Security Council,Subsidiary Organs (Peacekeeping operations and political missions),No,USG or equivalent,PESG,Ramtane Lamamra,,,,Not found,No annual report,,,1
PESG-WS,Personal Envoy of the Secretary-General for Western Sahara,https://dppa.un.org/en/mission/personal-envoy-western-sahara,UN Secretariat,TRUE,,No link found,No link found,Security Council,Subsidiary Organs (Peacekeeping operations and political missions),No,USG or equivalent,Personal Envoy,Staffan de Mistura,,,,Not found,https://minurso.unmissions.org/secretary-general-reports,(personal envoy - mission),,1
PoE-CAR,Panel of Experts on the Central African Republic,https://www.un.org/securitycouncil/sanctions/2127/panel-of-experts/work_mandate,UN Secretariat,TRUE,,No link found,No link found,Security Council,Subsidiary Organs (Sanctions Committee),No,Not applicable,Not applicable,Not applicable,,,,Not found,https://main.un.org/securitycouncil/en/sanctions/2745/annual-reports,Entity is comprised of support staff members.,,1
PoE-Haiti,Panel of Experts on Haiti,https://main.un.org/securitycouncil/en/sanctions/testing/Panel%20of%20Expert/work-and-mandate,UN Secretariat,TRUE,,No link found,No link found,Security Council,Subsidiary Organs (Sanctions Committee),No,Not applicable,Not applicable,Not applicable,,,,Not found,https://main.un.org/securitycouncil/en/sanctions/2653/annual-reports,Entity is comprised of support staff members.,,1
PoE-Libya,Panel of Experts on Libya,https://www.un.org/securitycouncil/sanctions/1970/panel-experts/work_mandate,UN Secretariat,TRUE,,No link found,No link found,Security Council,Subsidiary Organs (Sanctions Committee),No,Not applicable,Not applicable,Not applicable,,,,Not found,https://main.un.org/securitycouncil/en/sanctions/1970/annual-reports,Entity is comprised of support staff members.,,1
PoE-RES2713,Panel of Experts pursuant to resolution 2713 (2023),https://main.un.org/securitycouncil/en/sanctions/2713/work-and-mandate,UN Secretariat,TRUE,,No link found,No link found,Security Council,Subsidiary Organs (Sanctions Committee),No,Not applicable,Not applicable,Not applicable,,,,Not found,https://main.un.org/securitycouncil/en/sanctions/2713/annual-reports,Entity is comprised of support staff members.,,1
PoE-RES2745,Panel of Experts pursuant to resolution 2745 (2024),https://main.un.org/securitycouncil/en/sanctions/2745/panel-of-experts/work_mandate,Peacekeeping operations and political missions,TRUE,,No link found,No link found,Security Council,Subsidiary Organs (Sanctions Committee),,,,,,,,Not found,https://main.un.org/securitycouncil/en/sanctions/2745/annual-reports,,,1
PoE-S.Sudan,Panel of Experts on South Sudan,https://main.un.org/securitycouncil/en/sanctions/2206/panel-of-experts/work-mandate,UN Secretariat,TRUE,,No link found,No link found,Security Council,Subsidiary Organs (Sanctions Committee),No,Not applicable,Not applicable,Not applicable,,,,Not found,https://main.un.org/securitycouncil/en/sanctions/2206/annual-reports,Entity is comprised of support staff members.,,1
PoE-Sudan,Panel of Experts on the Sudan,https://www.un.org/securitycouncil/sanctions/1591/panel-of-experts/work_mandate,UN Secretariat,TRUE,,No link found,No link found,Security Council,Subsidiary Organs (Sanctions Committee),No,Not applicable,Not applicable,Not applicable,,,,Not found,https://main.un.org/securitycouncil/en/sanctions/1591/annual-reports,Entity is comprised of support staff members.,,1
PoE-Yemen,Panel of Experts on Yemen,https://www.un.org/securitycouncil/sanctions/2140/panel-of-experts/work-and-mandate,UN Secretariat,TRUE,,No link found,No link found,Security Council,Subsidiary Organs (Sanctions Committee),No,Not applicable,Not applicable,Not applicable,,,,Not found,https://main.un.org/securitycouncil/en/sanctions/2713/annual-reports,Entity is comprised of support staff members.,,1
RCS,Resident Coordinator System,https://un-dco.org/,UN Secretariat,TRUE,,No link found,No link found,Secretariat,Departments and Offices,No,ASG or equivalent,ASG,Oscar Fernández-Taranco,The resident coordinator system is the backbone around which the United Nations development entities are taking steps to strengthen support to the 2030 Agenda.,https://un-dco.org/,,Not found,https://unsdg.un.org/resources?f%5B0%5D=type_of_document%3A412,,,0
RSCE,United Nations Regional Service Centre in Entebbe,https://rsce.unmissions.org/,UN Secretariat,TRUE,,No link found,No link found,Security Council,Subsidiary Organs (Peacekeeping operations and political missions),No,D-2,Director,Paulin Djomo,"The RSCE consolidates administrative and support functions, with the goal of providing client-orientated and scalable services while reducing the missions’ footprints to UN field missions across Africa.",,,Not found,https://rsce.unmissions.org/un-documents,,,0
SC-RES1540,Support to the Security Council Committee established pursuant to resolution 1540 (2004) on the non-proliferation of all weapons of mass destruction,https://www.un.org/disarmament/wmd/sc1540/,UN Secretariat,TRUE,,No link found,No link found,Security Council,Subsidiary Organs (Standing committees and ad hoc bodies),No,Not applicable,Not applicable,Not applicable,"The Committee is tasked to report on the acilitation of national implementation activities, cooperation between organizations and effective partnerships of key stakeholders.",,,Not found,https://disarmament.unoda.org/sgreport-terrorism/,Entity is comprised of support staff members.,,1
SC-RES1718,Support to the Security Council Committee established pursuant to resolution 1718 (2006),https://main.un.org/securitycouncil/en/sanctions/1718/panel_experts/work_mandate,UN Secretariat,TRUE,,No link found,No link found,Security Council,Subsidiary Organs (Standing committees and ad hoc bodies),No,Not applicable,Not applicable,Not applicable,,,,Not found,https://main.un.org/securitycouncil/en/sanctions/1718/annual-reports,"Entity is comprised of support staff members.

correct name?
might be panel of experts as well...
",,1
SC-RES2231,Implementation of Security Council resolution 2231 (2015),https://main.un.org/securitycouncil/en/content/2231/background,UN Secretariat,TRUE,,No link found,No link found,Security Council,Subsidiary Organs (Other),No,Not applicable,Not applicable,Not applicable,,,,Not found,https://main.un.org/securitycouncil/en/content/2231/reports-secretary-general,,,1
SWEO,United Nations Sustainable Development Group System-wide Evaluation Office,https://www.un.org/system-wide-evaluation-office/,UN Secretariat,TRUE,,No link found,No link found,Secretariat,Departments and Offices (Other Entities),No,D-2 or equivalent,Executive Director,Andrea Cook,,,,Not found,https://www.un.org/system-wide-evaluation-office/en/document-library,,,1
"UN
  Verification Mission in Colombia",,https://colombia.unmissions.org/en,,FALSE,,No link found,No link found,,,,,,,,,,Not found,https://colombia.unmissions.org/en/documents,,,0
UN Tourism,World Tourism Organization,https://www.unwto.org/,Specialized Agencies,TRUE,No link found,No link found,No link found,Economic and Social Council,Specialized Agencies,Yes,USG or equivalent,Secretary-General,Zurab Pololikashvili,,,,Not found,https://www.e-unwto.org/,,,0
UN-Habitat,United Nations Human Settlements Programme,https://unhabitat.org/,UN Secretariat,TRUE,,https://unhabitat.org/about-us/our-strategy,https://unhabitat.org/sites/default/files/2025/02/briefing_on_monitoring_of_strategic_plan_2026-2029.pdf,General Assembly / Secretariat,Funds and Programmes,Yes,USG or equivalent,Executive Director,Anacláudia Rossbach,,,,Not found,https://unhabitat.org/knowledge/research-and-publications,Its secretariat is part of the UN Secretariat.,,0
UN-OHRLLS,"Office of the High Representative for the Least Developed Countries, Landlocked Developing Countries and Small Island Developing States",https://www.un.org/ohrlls/,UN Secretariat,TRUE,,No link found,https://open.unwomen.org/en/global-results/overview,Secretariat,Departments and Offices,No,USG or equivalent,High Representative,Rabab Fatima,,,,Not found,https://www.un.org/ohrlls/content/resources,,,1
UN-Women,United Nations Entity for Gender Equality and the Empowerment of Women,https://www.unwomen.org/,Other Entities,TRUE,,https://www.unwomen.org/sites/default/files/2022-05/UN%20Women%20SP%20IRRF%202022-2025.pdf,No link found,General Assembly,Other Entities,Yes,USG or equivalent,Executive Director,Sima Sami Iskandar Bahous,"UN Women is dedicated to gender equality and the empowerment of women. A global champion for women and girls, UN Women was established to accelerate progress on meeting their needs worldwide.",https://www.unwomen.org/sites/default/files/2025-08/unw_org_chart_internal_20250806.pdf,,https://data.unwomen.org/data-portal,https://www.unwomen.org/en/digital-library/annual-report,,,0
UNAIDS,Joint United Nations Programme on HIV/AIDS,https://www.unaids.org/en,Other Bodies,TRUE,,https://www.unaids.org/sites/default/files/media_asset/global-AIDS-strategy-2021-2026_en.pdf,No link found,Economic and Social Council,Other Bodies,No,USG or equivalent,Executive Director,UNAIDS Executive Director,"UNAIDS brings together the efforts and resources of 10 UN system organizations to help prevent new HIV infections, care for people living with HIV and mitigate the impact of the epidemic.",,,https://open.unaids.org/,https://www.unaids.org/en/topics/resources/publications,,,0
UNAMA,United Nations Assistance Mission in Afghanistan,https://unama.unmissions.org/,Peacekeeping operations and political missions,TRUE,,https://unama.unmissions.org/sites/default/files/unsf_afghanistan_formatted_20230629.pdf,No link found,Security Council,Subsidiary Organs (Peacekeeping operations and political missions),No,USG or equivalent,SRSG/Head of Mission,Roza Otunbayeva,"UNAMA’s mission is to support the people and institutions of Afghanistan in achieving peace and stability, in line with the rights and obligations enshrined in the Afghan constitution.",,,Not found,https://unama.unmissions.org/secretary-general-reports,,,0
UNAMI,United Nations Assistance Mission for Iraq,https://iraq.un.org/en/132447-united-nations-assistance-mission-iraq-unami,Peacekeeping operations and political missions,TRUE,,No link,No link found,Security Council,Subsidiary Organs (Peacekeeping operations and political missions),No,USG or equivalent,SRSG/Head of Mission,Mohamed Al Hassan,"UNAMI’s advises and assists the Government and people of Iraq on a number of issues, including advancing inclusive political dialogue and national reconciliation, assisting in the electoral process and in the planning for a national census, and promoting the protection of human rights and judicial and legal reforms.",,,Not found,https://iraq.un.org/en/resources/publications,,,1
UNAOC,United Nations Alliance of Civilizations,https://www.unaoc.org/,UN Secretariat,TRUE,,https://www.unaoc.org/wp-content/uploads/UNAOC-Action-Plan-POA-2024-2026-250203_web.pdf,No link found,Secretariat,Departments and Offices (Other Entities),No,USG or equivalent,High Representative,Miguel Ángel Moratinos Cuyaubé,"The Alliance maintains a global network of partners including states, organizations, civil society groups, foundations, and the private sector to improve cross-cultural relations between diverse nations and communities.",,,Not found,https://www.unaoc.org/resource-type/unaoc-annual-reports/,,,0
UNCTAD,United Nations Conference on Trade and Development,https://unctad.org/,UN Secretariat,TRUE,,No link,No link found,General Assembly / Secretariat,Other Entities,Yes,USG or equivalent,Secretary-General,Rebeca Grynspan,UNCTAD supports developing countries to access the benefits of a globalized economy more fairly and effectively and helps equip them to deal with the potential drawbacks of greater economic integration.,,,Not found,https://unctad.org/publications-search?Operator=and&keys=annual,Its secretariat is part of the UN Secretariat.,,0
UNDOF,United Nations Disengagement Observer Force,https://undof.unmissions.org/,Peacekeeping operations and political missions,TRUE,,No link,No link found,Security Council,Subsidiary Organs (Peacekeeping operations and political missions),No,ASG or equivalent,Force Commander/Head of Mission,Anita Asmah,"The UNDOF assists in maintaining the ceasefire between Israel and Syria, supervising the disengagement of Israeli and Syrian forces; as well as the areas of separation and limitation, as provided in the May 1974 Agreement on Disengagement.",,,Not found,https://undof.unmissions.org/reports-statements,,,0
UNDP,United Nations Development Programme,https://www.undp.org/,Funds and Programmes,TRUE,,https://strategicplan.undp.org/,https://rolhr.undp.org/annualreport/2023/results-framework.html,General Assembly,Funds and Programmes,Yes,USG or equivalent,Administrator (Acting),Haoliang Xu,"The UNDP helps build inclusive, sustainable and resilient societies and provides expert advice, training and financial support. Special attention is paid to the needs of the Least Developed Countries and countries emerging from conflict.",https://www.undp.org/organizational-chart,,https://open.undp.org/,https://annualreport.undp.org/,,,0
UNDRR,United Nations Office for Disaster Risk Reduction,https://www.undrr.org/,UN Secretariat,TRUE,,https://www.undrr.org/media/49267/download,No link found,Secretariat,Departments and Offices,No,ASG,SRSG,Kamal Kishore,UNDRR (formerly UNISDR) is the United Nations focal point for disaster risk reduction.,,,Not found,https://www.undrr.org/publications?text=Annual%20Report,,,0
UNEP,United Nations Environment Programme,https://www.unep.org/,UN Secretariat,TRUE,,https://wedocs.unep.org/bitstream/handle/20.500.11822/42683/medium_term_strategy_2022.pdf?sequence=1&isAllowed=y,No link found,General Assembly / Secretariat,Funds and Programmes,Yes,USG or equivalent,Executive Director,Inger La Cour Andersen,"The UNEP sets the global environmental agenda, promotes the coherent implementation of the environmental dimension of sustainable development within the United Nations system, and serves as an authoritative advocate for the global environment.",,,https://open.unep.org/,https://www.unep.org/annualreport/2021/index.php,Its secretariat is part of the UN Secretariat.,,0
UNESCO,"United Nations Educational, Scientific and Cultural Organization",https://www.unesco.org/,Specialized Agencies,TRUE,https://www.unesco.org/en/budget-strategy,https://unesdoc.unesco.org/ark:/48223/pf0000378083_eng,No link found,Economic and Social Council,Specialized Agencies,Yes,USG or equivalent,Director-General,Audrey Azoulay,"UNESCO contributes to peace and security by promoting collaboration among nations through education, science and culture.",https://unesdoc.unesco.org/archives/organization-charts,,https://core.unesco.org/,https://www.unesco.org/en/budget-strategy,,,0
UNFCCC,United Nations Framework Convention on Climate Change Secretariat,https://unfccc.int/,Related Organizations,TRUE,,No link,No link found,Other,Related Organizations,No,USG or equivalent,Executive Secretary,Simon Emmanuel Kervin Stiell,"The UNFCCC is a treaty whereby countries jointly consider what they could do to limit average global temperature increases and the resulting climate change, and to cope with whatever impacts were, by then, inevitable.",,,Not found,https://unfccc.int/annualreport,Has its own governing and subsidiary bodies.,,0
UNFICYP,United Nations Peacekeeping Force in Cyprus,https://unficyp.unmissions.org/,Peacekeeping operations and political missions,TRUE,,No link,No link found,Security Council,Subsidiary Organs (Peacekeeping operations and political missions),No,ASG or equivalent,SRSG/Head of Mission,Colin William Stewart,"UNFICYP has remained on the island to supervise ceasefire lines, maintain a buffer zone, undertake humanitarian activities and support the good offices mission of the Secretary-General.",,,Not found,https://www.securitycouncilreport.org/un-documents/cyprus/,,,0
UNFPA,United Nations Population Fund,https://www.unfpa.org/,Funds and Programmes,TRUE,,https://www.unfpa.org/sites/default/files/board-documents/main-document/DP.FPA_.2021.8_-_UNFPA_strategic_plan_2022-2025_-_FINAL_-_14Jul21_-_Corrected_19Jul21.pdf,No link found,General Assembly,Funds and Programmes,Yes,USG or equivalent,Executive Director,Natalia Kanem,"UNFPA is a United Nations development agency that promotes the right of every woman, man and child to enjoy a life of health and equal opportunity.",,,https://www.unfpa.org/data/transparency-portal,https://www.unfpa.org/annual-report,,,0
UNGC,United Nations Global Compact,https://unglobalcompact.org/,UN Secretariat,TRUE,,https://unglobalcompact.org/what-is-gc/strategy,No link found,Secretariat,Departments and Offices (Other Entities),No,ASG or equivalent,CEO/Executive Director,Sanda Ojiambo,,,,Not found,https://unglobalcompact.org/library,,,0
UNGEGN,United Nations Group of Experts on Geographical Names,https://unstats.un.org/unsd/ungegn,Other Bodies,,,https://unstats.un.org/unsd/ungegn/sessions/2nd_session_2021/documents/UNGEGN_Strategic_Plan_final_5May2021.pdf,No link found,Economic and Social Council,Other Bodies,No,,Chairperson,Pierre Jaillard,,,,Not found,https://unstats.un.org/unsd/ungegn/sessions/,,,1
UNGGIM,Committee of Experts on Global Geospatial Information Management,https://ggim.un.org/,Other Bodies,,,No link,No link found,Economic and Social Council,Other Bodies,No,Not applicable,Co-Chair,"Ingrid Vanden Berghe, Fernand Eanes Bale, Deirdre Dalpiaz Bishop",,,,Not found,https://ggim.un.org/meetings/Sessions/,"As described in the Rules of Procedure, the United Nations Committee of Experts on Global Geospatial Information Management (UN-GGIM) elects up to three co-Chairs and a Rapporteur at the commencement of each session from among its Member State delegations",,1
UNHCR,Office of the United Nations High Commissioner for Refugees,https://www.unhcr.org/,Other Entities,TRUE,,https://www.unhcr.org/sites/default/files/2025-06/UNHCR%20Strategic%20Directions%202022-2026.pdfhttps://www.unhcr.org/sites/default/files/2025-06/UNHCR%20Strategic%20Directions%202022--2026.pdf,https://www.unhcr.org/media/unhcrs-results-areas,General Assembly,Other Entities,Yes,USG or equivalent,High Commissioner,Filippo Grandi,"The work of the Office of the UNHCR is humanitarian and non-political. Its principal functions are to provide international protection to refugees and other persons of concern, and to seek durable solutions for them.",,,https://reporting.unhcr.org/,https://www.unhcr.org/cgi-bin/texis/vtx/search?page=&comid=3b4f07fd4&cid=49aea93a20&scid=49aea93a16&keywords=UNHCR%20Annual%20Reports%20General%20Assembly,,,0
UNICEF,United Nations Children's Fund,https://www.unicef.org/,Funds and Programmes,TRUE,,https://www.unicef.org/executiveboard/documents/unicef-strategic-plan-2026-2029-draft-review-as-2025,No link found,General Assembly,Funds and Programmes,Yes,USG or equivalent,Executive Director,Catherine Mary Russell,"The UN International Children's Emergency Fund (UNICEF) places an emphasis on programmes giving long-term benefits to children everywhere, particularly those in developing countries,",https://www.unicef.org/executiveboard/media/21691/file/Integrated-Budget-MTR-Annexes.pdf,,https://open.unicef.org/,https://www.unicef.org/topics/annual-report,,,0
UNIDIR,United Nations Institute for Disarmament Research,https://www.unidir.org/,Research and Training,TRUE,,No link,No link found,General Assembly / Economic and Social Council,Research and Training,No,D-2 or equivalent,Director,Robin Geiss,"The UNIDIR is an autonomous body of the UN, established by the General Assembly to carry out independent research on disarmament and related international security issues.",,,Not found,https://unidir.org/report-of-the-director,,,0
UNIDO,United Nations Industrial Development Organization,https://www.unido.org/,Specialized Agencies,TRUE,https://www.unido.org/resources/policymaking-organs/programme-and-budget-committee/reports-programme-and-budget-committee,https://www.unido.org/publications/key-policy-documents,No link found,Economic and Social Council,Specialized Agencies,Yes,USG or equivalent,Director-General,Gerd Müller,The UNIDO is the UN specialized agency mandated to promote industrial development and international industrial cooperation.,https://www.unido.org/sites/default/files/unido-publications/2025-04/ANNUAL%20REPORT%202024.pdf,,https://open.unido.org/,https://www.unido.org/annualreport,,,0
UNIFIL,United Nations Interim Force in Lebanon,https://unifil.unmissions.org/,Peacekeeping operations and political missions,TRUE,,No link,No link found,Security Council,Subsidiary Organs (Peacekeeping operations and political missions),No,ASG or equivalent,Force Commander/Head of Mission,Aroldo Lázaro Sáenz,"UNIFIL was created to confirm Israeli withdrawal from Lebanon, restore international peace and security and assist the Lebanese Government in restoring its effective authority in the area.",,,Not found,https://unifil.unmissions.org/unifil-documents,,,0
UNISFA,United Nations Interim Security Force for Abyei,https://unisfa.unmissions.org/,Peacekeeping operations and political missions,TRUE,,No link,,Security Council,Subsidiary Organs (Peacekeeping operations and political missions),No,ASG or equivalent,Acting Head,,"UNISFA enhances the peace and stability, through operations to ensure that the Abyei Area is weapons-free and reducing intercommunal tensions by employing conflict prevention measures and promoting dialogue.",,,Not found,https://digitallibrary.un.org/search?ln=en&cc=Reports&p=%22UN+Interim+Security+Force+for+Abyei%22+OR+UNISFA&f=&action_search=Search&rm=&ln=en&sf=year&so=d&rg=50&c=Reports&c=&of=hb&fti=0&fti=0,,,0
UNITAR,United Nations Institute for Training and Research,https://unitar.org/,Research and Training,TRUE,,https://unitar.org/sites/default/files/media/publication/doc/UNITAR_Strategic%20Framework_2022-2025.pdf,https://unitar.org/results-evidence-learning/results-reports-and-other-reports,General Assembly / Economic and Social Council,Research and Training,No,ASG or equivalent,Executive Director,Michelle Gyles-McDonnough,"The UN Institute for training and Research (UNITAR) provides short-term executive training to Members States' national and local government officials, and representatives of civil society and the private sector.",,,Not found,https://unitar.org/about/unitar/governance/board-trustees/board-reports,,,0
UNLB,United Nations Logistics Base at Brindisi,https://www.ungsc.org/,UN Secretariat,TRUE,,No link,,Security Council,Subsidiary Organs (Peacekeeping operations and political missions),No,D-2 or equivalent,Director,Anton Antchev,"The logistics base at Brindisi provides logistic support, telecommunications and training for all peacekeeping operations around the world.",,,Not found,No annual report,by UN department of operational support,,0
UNMHA,United Nations Mission to Support the Hudaydah Agreement,https://dppa.un.org/en/mission/unmha-hudaydah-agreement,Peacekeeping operations and political missions,TRUE,,No link,,Security Council,Subsidiary Organs (Peacekeeping operations and political missions),No,ASG or equivalent,Officer in charge and acting chair,Mari Yamashita,"UNMHA helps facilitate and coordinate UN support to assist the parties to fully implement the Hudaydah Agreement; leading and supporting the functioning of the Redeployment Coordination Committtee, monitoring the compliance of the parties of the ceasefire in the Hudayah governorate, and ensuring the region's security",,,Not found,No annual report,,,1
UNMIK,United Nations Interim Administration Mission in Kosovo,https://unmik.unmissions.org/,Peacekeeping operations and political missions,TRUE,,No link,,Security Council,Subsidiary Organs (Peacekeeping operations and political missions),No,USG or equivalent,SRSG/Head of Mission,Caroline Ziadeh,"Following the declaration of independence by the Kosovo authorities in 2008, the UNMIK has been mandated to focus primarily on the promotion of security, stability and respect for human rights in Kosovo",,,Not found,https://unmik.unmissions.org/sg-reports,,,0
UNMISS,United Nations Mission in South Sudan,https://unmiss.unmissions.org/,Peacekeeping operations and political missions,TRUE,,No link,,Security Council,Subsidiary Organs (Peacekeeping operations and political missions),No,USG or equivalent,SRSG/Head of Mission,Nicholas Haysom,"UNMISS' efforts in South Sudan focus on the protection of civilians, delivering humanitarian assistance, supporting the implementation of the revitalized agreement and the peace process, and monitoring and investigating human rights",,,Not found,https://unmiss.unmissions.org/documents,,,0
UNMOGIP,United Nations Military Observer Group in India and Pakistan,https://unmogip.unmissions.org/,Peacekeeping operations and political missions,TRUE,,No link,,Security Council,Subsidiary Organs (Peacekeeping operations and political missions),No,,Head/Chief Military Observer,,"UNMOGIP supervises, in the State of Jammu and Kashmir, the ceasefire between India and Pakistan, and assists the Military Adviser to the United Nations Commission for India and Pakistan",,,Not found,https://unmogip.unmissions.org/reports,,,0
UNOAU,United Nations Office to the African Union,https://unoau.unmissions.org/,Peacekeeping operations and political missions,TRUE,,No link,,Security Council,Subsidiary Organs (Peacekeeping operations and political missions),No,USG or equivalent,SRSG/Head of Office,Parfait Onanga-Anyanga,UNOAU is mandated to enhance the partnership between the United Nations and the African Union in the area of peace and security and provide United Nations advice to the African Union on both long-term capacity-building and short-term operational support,,,Not found,https://unoau.unmissions.org/documents,,,0
UNOCA,United Nations Regional Office for Central Africa,https://unoca.unmissions.org/,Peacekeeping operations and political missions,TRUE,,No link,,Security Council,Subsidiary Organs (Peacekeeping operations and political missions),No,USG or equivalent,SRSG/Head of Office,Abdou Abarry,UNOCA has a regional mandate to help prevent conflict and consolidate peace in Central Africa and provides assistance to support preventive diplomacy and mediation in situations of tension or potential conflict.,,,Not found,https://unoca.unmissions.org/rapports-du-s%C3%A9cr%C3%A9taire-g%C3%A9n%C3%A9ral,,,0
UNODC,United Nations Office on Drugs and Crime,https://www.unodc.org/,UN Secretariat,TRUE,,https://www.unodc.org/unodc/en/strategy/index.html,https://www.unodc.org/unodc/en/evaluation/reports.html,Secretariat,Departments and Offices,Yes,USG or equivalent,Executive Director,Ghada Fathy Ismail Waly,The UNODC is the secretariat of the Conference of the Parties to the UN Convention against Transnational Organized Crime and of the Conference of the States Parties to the UN Convention against Corruption.,,,Not found,https://www.unodc.org/unodc/en/about-unodc/annual-report.html,,,0
UNOG,United Nations Office at Geneva,https://www.ungeneva.org/,UN Secretariat,TRUE,,No link,,Secretariat,Departments and Offices,No,USG or equivalent,Director-General,Tatiana Valovaya,"The UNOG services more than 8,000 meetings every year, making it one of the busiest conference centres in the world. With more than 1,600 staff, it is the biggest duty stations outside of United Nations headquarters in New York.",,,Not found,https://sites.ungeneva.org/annualreport/2021/,,,0
UNON,United Nations Office at Nairobi,https://www.unon.org/,UN Secretariat,TRUE,,No link,,Secretariat,Departments and Offices,No,USG or equivalent,Director-General,Zainab Hawa Bangura,"The UNON performs representation and liaison functions and facilitates cooperation between with permanent missions, the host-country and other Governments, and intergovernmental and non-governmental organizations in Nairobi.",,,Not found,No annual report,,,0
UNOPS,United Nations Office for Project Services,https://www.unops.org/,Other Entities,TRUE,,https://docs.un.org/en/DP/OPS/2025/9,,General Assembly,Other Entities,Yes,USG or equivalent,Executive Director,Jorge Moreira da Silva,"UNOPS' mission is to expand the capacity of the UN system and its partners to implement peace building, humanitarian and development operations that matter for people in need.",https://content.unops.org/documents/libraries/policies-2020/executive-office-directives-and-instructions/organizational-principles-and-governance-model/en/UNOPS-organigramme_EN.pdf,,https://data.unops.org/,https://www.unops.org/about/governance/executive-board/executive-board-documents,,,0
UNOV,United Nations Office at Vienna,https://www.unvienna.org/,UN Secretariat,TRUE,,No link,,Secretariat,Departments and Offices,No,USG or equivalent,Director-General,Ghada Fathy Ismail Waly,"The UNOV performs representation and liaison functions with permanent missions to the United Nations (Vienna), the host Government and intergovernmental and non-governmental organizations in Vienna.",,,Not found,No annual report (only from the SG),,,0
UNOWAS,United Nations Office for West Africa and the Sahel,https://unowas.unmissions.org/,Peacekeeping operations and political missions,TRUE,,No link,,Security Council,Subsidiary Organs (Peacekeeping operations and political missions),No,USG or equivalent,SRSG/Head of Office,Leonardo Santos Simão,"UNOWAS has the responsibility for preventive diplomacy, good offices and political mediation and facilitation efforts in West Africa and the Sahel and works to consolidate peace and democratic governance in countries emerging from conflict or political crises.",,,Not found,https://unowas.unmissions.org/reports,,,0
UNRCCA,United Nations Regional Centre for Preventive Diplomacy for Central Asia,https://unrcca.unmissions.org/,Peacekeeping operations and political missions,TRUE,,No link,,Security Council,Subsidiary Organs (Peacekeeping operations and political missions),No,,SRSG/Head of Office,Kaha Imnadze,"The UNRCCA implements the concept of preventive diplomacy in practice through enhanced dialogue, confidence building measures and genuine partnerships in responding to existing and emerging challenges in Central Asia.",,,Not found,https://unrcca.unmissions.org/reports,,,0
UNRGID,Office of the United Nations Representative to the Geneva International Discussions,https://dppa.un.org/en/mission/unrgid,Peacekeeping operations and political missions,TRUE,,No link,,Security Council,Subsidiary Organs (Peacekeeping operations and political missions),No,,Representative,,,,,Not found,No annual report,,,1
UNRoD,United Nations Register of Damage Caused by the Construction of the Wall in the Occupied Palestinian Territory,http://unrod.org/,UN Secretariat,FALSE,,No link,,Security Council,Subsidiary Organs (Peacekeeping operations and political missions),No,,Executive Director,Leonid Frolov,"UNRoD's mandate is to serve as a record, in documentary form, of the damage caused to all natural and legal persons concerned as a result of the construction of the Wall by Israel in the Occupied Palestinian Territory.",,,Not found,https://www.unrod.org/documents.htm,,,0
UNRWA,United Nations Relief and Works Agency for Palestine Refugees in the Near East,https://www.unrwa.org/,Other Entities,TRUE,,https://www.unrwa.org/resources/strategy-policy,https://www.unrwa.org/resources/strategy-policy,General Assembly,Other Entities,Yes,USG or equivalent,Commissioner-General,Philippe Lazzarini,The UNRWA carries out direct relief and works programmes for Palestine refugees.,,,https://open.unrwa.org/,https://www.unrwa.org/tags/annual-report,,,0
UNSCO,Office of the United Nations Special Coordinator for the Middle East Peace Process,https://unsco.unmissions.org/,Peacekeeping operations and political missions,TRUE,,No link,,Security Council,Subsidiary Organs (Peacekeeping operations and political missions),No,USG or equivalent,Special Coordinator (Acting),Sigrid Kaag,"The DPPA supports UN peacemaking efforts in various ways, including by advising and assisting the Secretary-General in his Middle East diplomacy and by overseeing UN political activities in the region.",,,Not found,https://unsco.unmissions.org/ahlc-socioeconomic-reports,,,0
UNSCOL,Office of the United Nations Special Coordinator for Lebanon,https://unscol.unmissions.org/,Peacekeeping operations and political missions,TRUE,,No link,,Security Council,Subsidiary Organs (Peacekeeping operations and political missions),No,USG or equivalent,Special Coordinator,Jeanine Hennis-Plasschaert,"The UNSCOL provides leadership and coordination to UN efforts in Lebanon, assistinng the country in forging a peaceful, stable and democratic future.",,,Not found,https://unscol.unmissions.org/secretary-general-statements-relevant-lebanon,,,0
UNSMIL,United Nations Support Mission in Libya,https://unsmil.unmissions.org/,Peacekeeping operations and political missions,TRUE,,No link,,Security Council,Subsidiary Organs (Peacekeeping operations and political missions),No,USG or equivalent,Head/SRSG,Hanna S. Tetteh,"UNSMIL, in full accordannce with the principles of national ownership, is an integrated special political mission that supports support Libya's new transitional authorities in their post-conflict efforts.",,,Not found,https://unsmil.unmissions.org/reports-secretary-general,,,0
UNSOM,United Nations Assistance Mission in Somalia,https://unsom.unmissions.org/,Peacekeeping operations and political missions,TRUE,,No link,,Security Council,Subsidiary Organs (Peacekeeping operations and political missions),No,USG or equivalent,SRSG/Head of Mission,James Swan,"UNSOM works with the Government of Somalia to support national reconciliation, provide strategic and policy advice on peacebuilding and state-building, to monitor the human rights situation and help coordinate the efforts of the international community.",,,Not found,https://unsom.unmissions.org/secretary-generals-reports,,,0
UNSOS,United Nations Support Office in Somalia,https://unsos.unmissions.org/,Peacekeeping operations and political missions,TRUE,,No link,,Security Council,Subsidiary Organs (Peacekeeping operations and political missions),No,ASG or equivalent,Head of Office,Aisa Kirabo Kacyira,The UNSOS provides critical support to institutions in Somalia to make them more effective in defeating enemies of peace and in creating space for political reconciliation and state formation.,,,Not found,https://unsos.unmissions.org/reports,,,0
UNSSC,United Nations System Staff College,https://www.unssc.org/,Research and Training,TRUE,,No link,,General Assembly / Economic and Social Council,Research and Training,No,D-2 or equivalent,Director (Acting),Miguel Panadero,"The UNSSC delivers high-quality learning programmes and tailored solutions for UN staff and partners, equipping them with the knowledge and skills to support important UN activities and objectives.",,,Not found,https://www.unssc.org/about-unssc/,,,0
UNTMIS,United Nations Transitional Assistance Mission in Somalia,https://dppa.un.org/en/mission/untmis,Peacekeeping operations and political missions,TRUE,,No link,,Security Council,Subsidiary Organs (Peacekeeping operations and political missions),No,ASG or equivalent,SRSG/Head of Office,James Swan,,,,Not found,No annual report,,,1
UNTSO,United Nations Truce Supervision Organization,https://untso.unmissions.org/,Peacekeeping operations and political missions,TRUE,,No link,,Security Council,Subsidiary Organs (Peacekeeping operations and political missions),No,,Head of Mission/Chief of Staff,Patrick Gauchat,"UNTSO observers monitor ceasefires, supervise armistice agreements, prevent isolated incidents from escalating and assist other United Nations peacekeeping operations in the Middle East.",,,Not found,https://untso.unmissions.org/documents,,,0
UNU,United Nations University,https://unu.edu/,Research and Training,TRUE,,https://unu.edu/sites/default/files/2024-06/UNU-Strategy_2025-2029.pdf,No centralized RBM results framework found,General Assembly / Economic and Social Council,Research and Training,No,USG or equivalent,Rector,Tshilidzi Marwala,"The mission of the UN University is to contribute, through collaborative research and education, to efforts to resolve the pressing global problems of human survival, development and welfare.",,,Not found,https://unu.edu/about/annual-reports,,,0
UNVMC,United Nations Verification Mission in Colombia,https://colombia.unmissions.org/,Peacekeeping operations and political missions,TRUE,,No link,,Security Council,Subsidiary Organs (Peacekeeping operations and political missions),No,USG or equivalent,SRSG/Head of Mission,Carlos Ruiz Massieu,"The Mission will verify the reintegration of former FARC-EP members into political, economic and social life and the security guarantees for former FARC-EP members, their families, and communities in the territories.",,,Not found,https://colombia.unmissions.org/en/reports-secretary-general-0,,,0
UNYO,United Nations Youth Office,https://www.un.org/youthaffairs/,UN Secretariat,TRUE,,No link,,Secretariat,Departments and Offices,No,ASG or equivalent,ASG,Felipe Paullier,,,,Not found,https://www.un.org/youthaffairs/en/youth2030/progress-report,,,1
UPU,Universal Postal Union,https://www.upu.int/,Specialized Agencies,TRUE,https://www.upu.int/en/universal-postal-union/about-upu/finance#programme-and-budget,https://www.upu.int/en/universal-postal-union/about-upu/strategy,,Economic and Social Council,Specialized Agencies,Yes,USG or equivalent,Director-General,Masahiko Metoki,"The UPU aims to secure the organisation and improvements of postal services, promote international collaboration and undertake technical assistance in postal matters requested by members countries.",https://www.upu.int/en/universal-postal-union/about-upu/bodies/international-bureau/organizational-structure,,Not found,https://www.upu.int/en/Universal-Postal-Union/About-UPU/Strategy,,,0
VRA,Office of the Victims' Rights Advocate,https://www.un.org/preventing-sexual-exploitation-and-abuse/content/office-victims-rights-advocate,UN Secretariat,TRUE,,No link,,Secretariat,Departments and Offices,No,ASG or equivalent,Victims’ Rights Advocate,Najla Nassif Palma,,https://www.un.org/preventing-sexual-exploitation-and-abuse/sites/www.un.org.preventing-sexual-exploitation-and-abuse/files/ovra_fact_sheet_2021.pdf,,Not found,https://www.un.org/preventing-sexual-exploitation-and-abuse/content/annual-reports-victims-rights-advocate,,,1
WB,World Bank,https://www.worldbank.org/,Specialized Agencies,FALSE,https://financesone.worldbank.org/world-bank-program-budget-and-all-funds/DS00032,No link,,Economic and Social Council,Specialized Agencies,Yes,USG or equivalent,President,Ajay Banga,,https://thedocs.worldbank.org/en/doc/404071412346998230-0090022021/The-World-Bank-Organizational-Chart-English,,Not found,https://www.worldbank.org/en/about/annual-report,,,0
WFP,World Food Programme,https://www.wfp.org/,Funds and Programmes,TRUE,,https://executiveboard.wfp.org/document_download/WFP-0000132205,https://www.wfp.org/publications/corporate-results-framework-2022-2025,General Assembly,Funds and Programmes,Yes,USG or equivalent,Executive Director,Cindy H. McCain,The WFP was established as the UN System's food aid organisation. It is the world's largest humanitarian agency fighting hunger worldwide.,https://www.wfp.org/publications/wfp-organigram,,Not found,https://www.wfp.org/publications?f%5B0%5D=publication_type%3A2149,https://www.wfp.org/stories/how-wfp-demonstrates-accountability-and-transparency,,0
WHO,World Health Organization,https://www.who.int/,Specialized Agencies,TRUE,https://www.who.int/about/accountability/budget,https://www.who.int/publications/i/item/9789240061545,https://www.who.int/publications/m/item/who-results-framework-delivering-a-measurable-impact-in-countries,Economic and Social Council,Specialized Agencies,Yes,USG or equivalent,Director-General,Tedros Adhanom Ghebreyesus,"Article 1 of the Constitution defines the WHO's objective as ""the attainment by all peoples of the highest possible level of health"". The detailed functions are set out in article 2 of the Constitution.",https://cdn.who.int/media/docs/default-source/documents/about-us/who-hq-organigramme.pdf,,https://open.who.int/,https://www.who.int/about/accountability/results,,https://www.who.int/about/communications/credible-and-trusted/who-brand,0
WIPO,World Intellectual Property Organization,https://www.wipo.int/,Specialized Agencies,TRUE,https://www.wipo.int/en/web/about-wipo/budget/financial,https://www.wipo.int/en/web/about-wipo/budget/index,https://www.wipo.int/en/web/about-wipo/budget/index,Economic and Social Council,Specialized Agencies,Yes,USG or equivalent,Director-General,Daren Tang,The WIPO is dedicated to developing a balanced and accessible international intellectual property system that stimulates innovation and contributes to economic development while safeguarding public interest.,https://www.wipo.int/en/web/about-wipo/budget/index,,Not found,https://www.wipo.int/about-wipo/en/,,,0
WMO,World Meteorological Organization,https://public.wmo.int/,Specialized Agencies,TRUE,https://wmo.int/about-wmo/finance-and-accountability,https://wmo.int/about-wmo/our-mandate,https://community.wmo.int/en/planning-and-monitoring/operational-planning,Economic and Social Council,Specialized Agencies,Yes,USG or equivalent,President,Abdulla Al Mandous,"The World Meteorological Organization (WMO) is the successor to the International Meteorological Organization, which was established in 1873.",https://wmo.int/about-wmo/governance,,Not found,https://library.wmo.int/index.php?lvl=notice_display&id=5301#.XxG4WJ5KiUk,,,0
WTO,World Trade Organization,https://www.wto.org/,Related Organizations,FALSE,https://www.wto.org/english/thewto_e/secre_e/budget_e.htm,https://www.wto.org/english/thewto_e/secretariat_strategy2030_e.htm,No link,General Assembly,Related Organizations,Yes,USG or equivalent,Director General,Ngozi Okonjo-Iweala,"The WTO is the only global international organization dealing with the rules of trade between nations. At its heart are the WTO agreements, negotiated and signed by the bulk of the world’s trading nations.",https://www.wto.org/english/thewto_e/whatis_e/tif_e/organigram_e.pdf,,Not found,https://www.wto.org/english/res_e/reser_e/annual_report_e.htm,,,0